x,y,mag,time
-722.2929655,126.3438065,7.9,0
-403.41215,-82.41264139,6.5,2384
-779.4221235,122.784826,6.3,3475
-362.6530761,-196.856107,7,4164
-359.6109189,436.6424158,6.7,5670
-527.7340147,433.4170897,6.3,7794
-570.5586151,359.0121544,6.4,11913
-424.5939008,-142.5816549,6.4,14671
-774.0574503,112.2191028,6.5,14689
-370.8403489,324.6457493,6.4,15191
-323.8290643,495.5880297,6.3,15655
-332.9906743,292.5037069,5.6,16571
-768.7297748,188.7371828,5.5,16621
-804.2433156,164.2691921,5.6,16962
-1099.82033,194.8541804,5.5,17559
-1035.038245,344.7762325,5.5,18239
-563.5239407,88.30720278,6.2,18346
-443.3915867,-175.0573516,6.1,19626
-540.0819708,42.81898372,5.5,21192
-388.4416489,-185.8455111,5.9,21725
-380.4471995,2.780453488,6.7,22251
-374.5072644,-8.675014883,6.3,22251
-344.3854525,-199.5253423,6.3,22364
-849.0263209,235.4488014,5.5,22602
-610.3230435,504.2630446,5.9,22698
-998.3324777,491.4729586,6.2,24624
-1004.521885,491.6953948,5.8,24624
-1000.666018,493.9197576,6,24625
-999.685105,492.2514855,5.6,24638
-1002.447585,490.1383409,5.5,24663
-854.9057019,161.043866,4,24757
-1001.084238,507.5995888,3.8,24758
-817.4776596,190.0718004,5.1,24759
-1011.071904,480.1287083,5,24772
-822.6224738,175.391006,4.3,24843
-988.9077359,512.7156232,4.1,24847
-838.9460523,177.3929325,4.8,24937
-830.1996459,182.7314032,4.3,24937
-831.2420223,189.0708372,4.6,24942
-977.1323965,280.2697116,4,25015
-1004.161615,491.6953948,4.9,25018
-1008.115753,484.688652,4.9,25022
-801.9777144,179.3948591,5.4,25040
-817.3565481,173.7227339,5,25040
-836.5293985,151.0342335,4.1,25041
-758.1224938,204.1965042,3.9,25046
-323.1243902,351.1156665,5.2,25068
-1012.779394,487.2466693,5,25086
-796.5801451,87.19502139,4.9,25093
-961.3136872,298.8431409,5.2,25093
-641.0915548,518.8326209,4.6,25109
-614.9760493,-61.94850371,4.7,25163
-1096.685632,277.1556037,4.2,25193
-935.9807826,342.9967423,4.9,25248
-324.9153558,453.6587911,4.7,25291
-555.7823743,-95.87003627,4.9,25296
-349.8138024,439.200433,5,25323
-664.6179464,515.2736404,4.6,25335
-629.1559032,455.6607176,4.8,25411
-781.3943545,150.0332702,4.8,25428
-1058.84641,395.2692679,6.2,25470
-1053.065062,403.4994102,5,25470
-1051.639171,393.8234321,5,25470
-1049.160422,412.0632069,5,25470
-553.9037236,104.2113967,5.3,25492
-569.653305,106.2133232,6.8,25492
-564.2366006,50.04816279,6,25492
-564.4640396,68.06550139,4.8,25492
-560.4295099,101.6533795,4.7,25492
-552.7017245,78.18635209,3.8,25492
-551.7259674,70.17864604,5,25492
-541.0822525,122.5623898,4.1,25492
-1042.379998,409.3939716,4.8,25493
-556.6055477,111.3293577,4.8,25493
-560.7982998,69.62255534,4.6,25493
-565.8715096,44.37603767,4.7,25495
-541.6326803,107.2142865,5,25500
-552.8134104,58.83439581,4.9,25500
-564.327061,90.75400185,4.8,25500
-563.6863544,135.3524758,4.5,25500
-568.0721566,42.15167488,4.9,25502
-565.2929954,101.9870339,4.6,25504
-1036.869673,496.9226474,4.9,25505
-559.4899666,121.7838628,5.1,25506
-567.1293765,72.62544511,4.7,25515
-538.1675331,78.96487906,4.9,25542
-912.7112917,441.9808865,4.8,25555
-569.5011585,41.9292386,4.7,25564
-1043.924335,382.4791818,5,25570
-567.3134305,9.564759999,4.5,25572
-1014.941673,486.4681423,4.8,25586
-412.4483184,464.0020781,4.8,25591
-413.4910266,480.3511446,6.3,25591
-404.0715487,487.1354511,5.9,25591
-410.9872681,464.3357325,4.8,25591
-402.5281145,481.463326,5,25592
-432.3127787,488.2476325,4.8,25592
-391.7651331,496.3665567,5.1,25593
-422.2299737,493.6973213,4.8,25597
-411.1385969,494.0309758,5,25598
-409.8760763,492.1402674,3.7,25599
-1056.07866,151.0342335,4.1,25600
-562.782174,98.2056172,4.8,25601
-1053.104294,403.9442827,4.5,25603
-558.4953625,51.4939986,4.8,25604
-336.3355337,407.0583907,5.5,25612
-428.7971326,484.5774339,4.7,25621
-419.2847964,485.5783972,5.8,25628
-436.1191219,487.80276,4.8,25628
-415.5789778,485.8008334,4.5,25628
-414.4116208,493.3636669,4.3,25628
-339.8558992,417.4016776,4.8,25630
-550.6526423,117.2239191,4.9,25634
-553.9509902,115.2219925,4.9,25656
-425.9902494,445.3174307,4.7,25671
-556.4911278,46.7116186,5.3,25673
-552.274193,92.8671465,4.4,25673
-562.0473867,69.17768278,4.7,25675
-451.0641378,479.2389632,4.2,25677
-566.4890773,117.3351372,5.5,25683
-578.1203428,39.81609395,3.9,25699
-917.6149884,459.4421344,3.9,25700
-483.0801178,-98.53927162,4,25708
-366.1660806,363.7945344,4.8,25712
-755.7319506,97.76074464,4.6,25732
-523.4243464,80.1882786,4.3,25735
-568.3408717,52.60617999,5.1,25735
-953.447521,337.8807079,4.3,25763
-853.2428664,133.7954218,4.9,25776
-794.5696104,155.8166135,5.2,25776
-536.560635,59.50170465,5.2,25782
-790.5286443,170.0525353,5.4,25812
-783.8284768,168.7179177,5.4,25817
-776.6522413,147.3640349,5,25817
-772.0565957,173.7227339,4.7,25817
-795.2943726,149.1435251,5.1,25818
-435.0915683,470.2302939,4.7,25822
-434.2096399,466.1152227,4.9,25825
-422.6631127,480.9072353,4.7,25825
-797.5136152,150.5893609,5.4,25845
-775.3068765,169.1627902,5,25846
-790.7365097,165.1589372,4.7,25847
-444.2589041,476.4585097,4.9,25855
-785.5134455,175.6134423,4.8,25865
-717.0491233,-20.01926511,5,25874
-334.4850036,420.1821311,4.8,25893
-953.2604751,150.5893609,4.5,25894
-850.511477,117.5575735,3.7,25902
-1001.095249,473.45562,4.9,25920
-747.4743197,136.4646572,4.5,25939
-786.812871,182.6201851,3.7,25941
-792.9704269,152.4800693,4,25945
-551.2439595,31.91960604,4.5,25965
-823.8875156,136.7983116,4.3,25981
-585.3058786,87.19502139,4.8,26026
-425.1897158,477.1258186,4.8,26033
-435.5179136,465.2254776,3.6,26033
-440.1365712,470.4527302,4.6,26033
-453.8127399,460.776752,4.5,26034
-457.673365,477.0146004,4.5,26035
-452.3698068,471.3424753,4.8,26036
-438.6027436,466.7825316,3.8,26051
-473.5993633,358.5672818,4.6,26052
-548.2800413,60.72510418,5.4,26090
-300.0990001,-187.1801288,5,26111
-581.6908908,30.14011581,5,26111
-645.21132,500.7040641,5.2,26113
-541.9238386,45.48821907,4.7,26115
-1090.490987,368.1320418,4.6,26118
-813.5432735,148.8098707,4.6,26225
-590.0644861,4.337507441,4.7,26232
-1041.936942,233.0020023,5.2,26249
-575.0734477,31.8083879,5.4,26254
-595.0099359,9.008669301,4.7,26254
-296.4362434,356.0092646,5.1,26254
-347.6591,350.6707939,4.5,26255
-557.2985023,134.1290763,5,26290
-979.5034044,198.1907246,4.7,26303
-957.1685433,6.561870232,4.7,26307
-561.3361419,58.16708697,4.3,26308
-303.5946834,407.2808269,3.8,26308
-493.2302312,-109.1049949,4.8,26314
-790.3816842,183.3987121,4.8,26377
-730.1354328,377.5855837,4.7,26460
-569.5472739,137.5768386,4.8,26496
-782.2901618,210.9808107,4.7,26558
-735.0566819,148.6986525,5.1,26559
-490.3152277,-103.9889605,4.7,26576
-584.735957,46.37796418,4.5,26584
-874.898413,20.13048325,4,26619
-783.7979616,220.9904432,4.9,26623
-591.5848745,490.0271227,4.7,26642
-578.9213704,150.0332702,4.2,26658
-550.9167114,126.0101521,4.5,26670
-1050.095281,396.93754,5,26686
-1017.935702,215.5407544,5,26696
-368.8542185,330.7627469,4.6,26721
-749.9166394,90.08669301,5,26734
-350.4210611,330.8739651,4.5,26735
-774.1131383,223.7708967,4.7,26840
-1099.89654,154.3707777,4.9,26891
-1046.620407,269.5927702,4.7,26997
-642.511276,498.2572651,4.6,26997
-457.5036409,-113.8873749,4.3,26998
-1023.040815,478.7940906,4.4,27010
-555.0890258,62.05972185,4.3,27020
-536.2557095,65.2850479,4.4,27065
-403.4533217,-163.6018832,5.9,27074
-753.3060233,227.7747497,4.8,27081
-338.0550074,382.8128362,4.7,27096
-770.441766,178.8387684,4.6,27096
-295.4509372,400.4965204,4.5,27097
-871.3796317,366.686206,4.4,27117
-935.5347892,326.5364576,4.5,27117
-557.254007,484.4662158,4.4,27175
-430.0855229,467.3386223,4.2,27271
-806.7519781,183.6211484,4.8,27290
-579.4783244,-96.98221766,5,27296
-805.1768406,182.3977488,4.8,27306
-1119.641234,138.3553656,4,27339
-985.660223,142.3592186,4.7,27388
-1051.113514,182.508967,4.2,27388
-793.7443784,172.944207,4.7,27421
-800.3168825,168.9403539,5,27421
-751.49529,6.89552465,4.2,27449
-625.3722188,464.4469507,5,27523
-827.8874062,157.1512311,5.2,27535
-828.9992576,148.3649981,5.2,27535
-391.6318535,-166.9384274,4.5,27551
-561.2822008,106.5469777,4.7,27565
-930.0217495,350.3371395,4.2,27578
-672.6379247,403.8330646,5.1,27581
-663.7707115,409.3939716,4.6,27581
-683.0984367,442.0921046,4.1,27581
-592.7251896,407.3920451,4.5,27691
-1061.314772,407.6144814,4.6,27696
-1100.982911,399.1619028,4.7,27714
-1071.307966,-12.23399535,5.1,27727
-370.6775126,-188.4035284,4.9,27730
-575.2356208,39.03756697,5.6,27813
-583.341846,22.68850046,5,27829
-506.0499835,-106.6581958,4.4,27835
-905.3891876,289.1671628,4.9,27839
-795.1200571,137.3544023,4.5,27858
-624.1254524,-26.35869907,4.6,27887
-842.5917074,196.6336707,4.8,27894
-506.197495,342.5518697,4.8,27908
-985.0991447,466.337659,6.2,27920
-992.7671005,510.3800423,4.3,27920
-975.9088529,470.2302939,4.6,27920
-972.2629024,473.0107474,4.8,27920
-964.4292146,472.0097841,4.8,27921
-650.132164,369.9115321,4.5,27923
-955.8714767,471.0088209,4.4,27923
-966.7635866,477.9043455,4.6,27924
-986.7726538,455.3270632,5.1,27926
-966.056067,-88.86329348,4.6,27933
-835.5131129,193.5195628,4.5,27935
-981.2023522,464.0020781,4.9,27978
-812.5537116,205.5311218,4.6,27978
-980.8366059,463.2235511,4.7,27979
-998.276965,467.2274041,4.6,28004
-842.6619981,169.9413172,4.5,28013
-339.5475653,245.5696521,4.7,28080
-971.211738,454.5485362,5.4,28083
-806.9044476,123.563353,4.8,28157
-994.9314019,442.9818497,4.5,28165
-436.7335142,500.8152823,4.7,28209
-714.1581539,-87.30623953,4.2,28227
-450.1294138,474.5678013,4.5,28239
-985.1076109,465.4479139,4.8,28254
-782.7537711,168.161827,4.3,28277
-515.6147852,-130.5700958,4.5,28319
-299.4078134,343.3303967,4.3,28333
-530.3267215,-4.55994372,4.6,28378
-450.5784243,-136.4646572,4.8,28393
-594.2520845,470.4527302,4.9,28451
-557.1291743,123.7857893,5.3,28453
-436.6627479,337.4358353,5,28546
-1126.053622,65.95235674,4.6,28589
-879.6308957,376.8070567,4.3,28616
-965.2192964,486.245706,4.7,28618
-837.824467,224.77186,4.6,28680
-471.7322679,54.60810651,4.2,28768
-1049.982262,354.2297744,5.3,28778
-381.3496952,-181.6192218,5,28810
-447.3367391,302.0684669,5.2,28834
-542.2271504,-167.9393907,5.1,28843
-445.2028963,352.2278479,4.8,28862
-584.1723172,-111.2181395,4.5,28884
-1110.128365,-1.445835814,5,28892
-800.8583891,161.1550842,4.8,28904
-1040.783131,370.0227502,4.9,28916
-882.3636804,487.4691055,4.7,28971
-939.9452528,374.9163483,4.5,28988
-1045.820804,-126.5662428,4.5,29040
-429.596804,-199.7477786,4.2,29058
-502.9663654,-112.4415391,4.5,29091
-636.3426971,-24.02311814,4.7,29110
-1099.710976,164.3804102,4.6,29115
-1108.341542,140.6909465,4.5,29122
-992.5040924,347.0005953,4.6,29123
-579.002365,528.9534716,4.8,29131
-278.0919039,-152.4800693,4.4,29172
-927.1573195,303.736739,4.8,29182
-708.8191162,-27.5820986,4.8,29196
-1048.983068,168.4954814,4.7,29239
-1060.027001,-68.28793767,5,29268
-500.6603698,-188.1810921,3.9,29291
-970.9963554,492.6963581,4.7,29301
-900.7267187,265.5889172,4.7,29348
-1047.230361,434.8629255,4.2,29381
-1073.25576,184.3996753,4.2,29448
-982.0655517,484.688652,4.6,29471
-786.4607112,125.0091888,4.9,29489
-509.5619684,-77.74147953,4.2,29578
-728.4759348,38.92634883,4.7,29603
-993.6334975,382.1455274,3.9,29606
-765.3589344,69.84499162,5.5,29607
-617.6518998,520.1672386,4.5,29619
-526.0405971,411.1734618,4.4,29622
-398.0653273,325.20184,6,29678
-436.7978525,352.0054116,4.3,29678
-409.5859073,332.3198009,4.5,29678
-402.7636794,328.9832567,4.8,29678
-619.6287939,-50.15938093,5.5,29688
-445.6964697,292.0588344,4.6,29691
-397.7789288,342.5518697,4.7,29699
-810.6727489,184.6221116,4.6,29702
-385.3461774,346.4445046,4.8,29710
-388.4211168,351.6717572,4.8,29710
-1042.038013,482.9091618,4.8,29727
-591.2622096,510.8249148,4.9,29729
-556.2623208,129.2354781,4.8,29745
-381.6720545,340.1050707,4.6,29866
-815.0502197,371.5798041,4.4,29889
-303.0301688,344.5537962,4.5,29895
-332.2326213,473.2331837,4.8,29948
-348.919066,445.8735214,4.9,29955
-386.7691093,332.0973646,4.7,29964
-501.1882848,-105.1011418,4.7,30013
-507.8574582,-114.5546837,4.9,30013
-1026.750038,204.1965042,4.5,30049
-614.0596408,-39.59365767,4.7,30055
-349.0858861,-176.94806,4,30060
-408.3975288,24.80164511,4.7,30089
-422.2992927,342.9967423,4.6,30097
-586.2187069,471.7873479,4.7,30121
-345.1922013,296.1739056,4.9,30126
-760.379739,46.93405488,4.7,30135
-1070.451915,403.3881921,4.4,30198
-735.1412042,69.62255534,4.3,30216
-869.6090842,368.0208237,4.6,30241
-362.8350251,360.2355539,4.3,30257
-343.0978372,472.3434386,4.8,30295
-945.5272125,69.95620976,4,30314
-452.5179524,348.5576493,4.5,30324
-387.8310478,-182.1753125,4.8,30357
-505.5558218,-94.09054604,4.8,30382
-445.5032652,344.1089237,4.2,30428
-556.3046495,11.67790465,4.4,30430
-774.2318243,467.894713,4.7,30447
-441.801238,121.7838628,4.7,30488
-416.3130433,137.4656205,4.4,30491
-343.1186762,357.121446,4.8,30530
-1062.974845,525.7281455,4.8,30559
-1069.126627,274.5975865,4.7,30563
-623.9938289,-98.87292604,4.2,30582
-557.2888794,-56.94368744,3.7,30614
-353.4197599,455.6607176,4.5,30639
-615.4166135,481.5745441,4.6,30653
-358.7068186,459.10848,4.8,30663
-335.8502253,496.7002111,3.8,30671
-358.8784834,490.4719953,4,30672
-1056.613167,246.9042697,4.2,30684
-294.4844568,484.688652,4.1,30688
-357.1736936,231.8898209,4.7,30704
-841.4137301,201.638487,3.9,30717
-835.6016097,191.4064181,4.8,30717
-344.0401153,466.6713134,4.5,30781
-337.6968397,476.680946,5.3,30963
-720.9521608,318.6399697,4.6,30990
-363.3919729,-175.1685697,4.6,30992
-425.7062897,346.5557228,4.7,31015
-545.6833054,26.24748093,3.9,31045
-960.7864199,454.7709725,5.4,31047
-313.3190148,212.871519,4,31083
-391.7073829,362.5711348,4.3,31169
-887.5396259,455.5494995,4,31172
-966.1707975,450.9895558,4.8,31172
-454.739299,-195.6327074,5.1,31216
-565.9901776,-44.93212837,4.4,31228
-306.7561727,499.814319,4.4,31233
-281.6863158,-90.97643813,4.5,31253
-815.5577912,212.871519,4.7,31268
-669.1593633,8.118924185,4.7,31299
-516.7140153,-129.4579144,4.9,31304
-860.0100757,372.0246767,4.2,31306
-978.088882,475.0126739,4.6,31307
-544.4413286,462.6674604,4.1,31309
-816.6151347,203.6404135,5.3,31311
-903.5533215,314.858553,3.9,31327
-1099.444808,55.83150604,4.5,31330
-667.083551,3.558980465,4.9,31337
-986.4768744,280.8258023,5.2,31345
-739.5847353,528.3973809,3.7,31355
-498.8733057,-98.53927162,4.1,31360
-1134.41842,131.0149684,4.4,31360
-497.5405769,355.3419558,4.6,31373
-504.8336687,-76.74051627,3.2,31380
-319.4786212,486.4681423,4.1,31382
-1084.277676,344.1089237,4.5,31392
-438.1233543,314.1912442,4.5,31399
-460.0271781,-157.9297581,4.6,31429
-429.2004908,489.2485958,3.3,31433
-926.8835232,417.8465502,3.8,31454
-417.3164611,17.12759349,4.6,31455
-417.222136,19.46317442,4.5,31455
-321.6884157,465.3366958,4.3,31468
-731.7133157,89.64182046,4.6,31491
-558.411267,-71.06839116,4.2,31545
-452.9503263,-96.75978139,4.2,31549
-496.9229915,-103.9889605,4.5,31605
-547.1295759,-80.07706046,6.8,31609
-552.1920002,-83.74725906,4.8,31609
-532.0714464,-61.72606744,4.3,31610
-540.9163935,-66.84210185,4.5,31610
-555.4803716,-78.96487906,4.9,31610
-546.4616533,-72.62544511,4.2,31610
-544.6622149,-80.41071488,4,31611
-570.6637146,-118.5585367,4.2,31617
-307.7402985,489.6934683,4.2,31635
-444.2066383,334.8778181,4.5,31663
-975.045606,277.2668218,4.3,31688
-902.6497221,446.5408302,5.5,31706
-760.2092187,86.97258511,4.5,31708
-530.7021347,302.9582121,4.3,31718
-1086.761845,349.4473944,4.1,31719
-747.946985,126.4550246,4.6,31726
-993.6021213,518.8326209,3.7,31743
-571.0844089,-106.5469777,4,31744
-353.9289038,458.7748255,4.7,31747
-1071.253757,206.7545214,4.5,31752
-542.5265815,-92.97836464,4.8,31756
-280.5588137,5.004816279,4.8,31766
-1071.215408,259.3607014,5,31766
-1075.450375,500.1479734,4.9,31769
-1041.088045,474.9014558,3.7,31769
-1129.677254,229.7766763,5.1,31771
-1093.068153,484.3549976,4.4,31772
-353.4517953,73.40397209,3.6,31773
-346.7498038,466.6713134,5.7,31778
-352.4867434,463.2235511,4,31778
-320.6465109,479.1277451,3.7,31782
-1111.248511,288.9447265,4.2,31790
-596.7912265,-59.16805023,4.5,31795
-1017.373721,501.2601548,4.3,31818
-540.1415782,-152.9249418,4.8,31846
-854.3444971,352.4502842,4.2,31853
-868.6410698,435.9751069,4.4,31858
-890.6981875,412.7305158,4.4,31858
-808.9012178,488.6925051,3.9,31858
-311.103968,405.723773,4.6,31861
-306.4089944,404.7228097,5,31861
-310.4784155,324.423313,3.5,31861
-884.3612552,454.7709725,4.9,31881
-850.3864528,456.3280265,4.7,31881
-814.1207009,478.0155637,4,31881
-985.0686051,322.1989502,4.1,31881
-612.2033769,-3.002889767,3.9,31885
-281.8975559,417.8465502,4.2,31885
-573.6490162,-63.28312139,4,31904
-401.1404174,355.7868283,4.7,31916
-345.6567608,308.519119,3.9,31917
-413.3591086,336.1012176,4.6,31918
-389.8915327,353.6736837,4.9,31919
-388.3882231,356.7877916,4.5,31919
-413.835769,350.0034851,4,31921
-290.8937973,357.7887548,4.6,31927
-328.1964822,484.688652,4.6,31928
-400.5060509,351.4493209,5.2,31929
-766.1434227,104.1001786,4.6,31932
-390.3025012,350.4483576,4.8,31933
-475.8753346,301.5123762,4.4,31942
-369.9416183,456.3280265,4.4,31942
-951.1757065,517.6092213,4.5,31969
-260.3341396,406.6135181,4.3,31974
-419.2776368,342.9967423,4.6,31993
-394.012917,370.5788409,4.2,32025
-351.5253313,473.7892744,4.8,32041
-362.8806661,326.4252395,4.7,32060
-398.8288869,-36.81320418,4.8,32060
-412.4716007,327.2037665,3.9,32063
-340.0154937,337.1021809,4.5,32089
-1111.829792,225.4391688,5,32096
-618.8648995,461.8889334,5.2,32146
-559.4373809,478.4604362,3.8,32146
-812.384837,421.6279669,3.5,32146
-832.7015394,430.6366362,4.6,32146
-365.9142307,337.8807079,4.5,32164
-541.899315,489.3598139,4.4,32164
-550.2701424,457.551426,4.6,32176
-1089.03232,231.8898209,4.8,32207
-694.3098156,529.287126,4.3,32212
-551.2196893,452.4353916,5.1,32213
-606.7565651,459.2196981,5,32214
-261.7326951,33.47666,4.5,32246
-528.8683034,-60.61388604,4,32276
-429.4973875,-157.3736674,4.4,32279
-814.0973463,202.6394502,5,32306
-364.0544913,69.17768278,4.5,32316
-606.8856462,526.5066725,4.8,32350
-396.4679478,-93.64567348,4.4,32366
-478.3999005,-98.7617079,4.1,32501
-1033.818327,528.7310353,4.1,32502
-955.0500069,340.9948158,4.5,32518
-841.4553161,110.4396125,4.4,32546
-786.3803697,115.3332107,3.9,32596
-400.7226287,20.24170139,4.8,32625
-413.5149679,24.57920883,4.5,32626
-746.7508034,258.24852,4.5,32645
-320.1847428,469.4517669,4.2,32658
-401.3894331,470.7863846,4.2,32658
-911.1729527,296.9524325,4.5,32688
-355.1823892,454.5485362,4.6,32708
-461.6088503,-118.002446,4.9,32755
-346.7472488,462.1113697,5.5,32776
-265.3035878,-43.93116511,4.2,32813
-796.923231,118.3361005,4.9,32861
-929.5568642,482.5755074,4.3,32867
-287.9163818,-201.1936144,4.8,32885
-294.863947,-200.85996,4.7,32885
-1028.413327,442.425759,4.5,32894
-338.8654518,457.8850804,3.9,32899
-658.6757074,467.3386223,3.7,32902
-345.7612623,464.2245144,3.9,32910
-762.6317939,300.6226311,4.6,32946
-285.3850779,-170.3861898,4.7,32993
-285.8819263,-182.1753125,4.1,32997
-751.040962,261.2514097,4.1,33007
-631.2977746,-31.8083879,4.2,33026
-624.2846226,450.3222469,4.6,33055
-990.029234,498.8133558,3.9,33059
-525.4499705,-7.562833488,4.9,33072
-765.3005619,423.4074572,4.1,33095
-336.8638765,470.1190758,4.4,33096
-330.0208424,474.4565832,4.1,33099
-562.7093024,55.49785162,4.2,33108
-503.8215444,-89.7530386,4.6,33109
-354.6926663,285.8306186,4,33111
-987.5719624,25.58017209,4.1,33112
-1101.549947,209.0901023,4.2,33120
-399.5604473,362.682353,4.1,33122
-289.2423973,504.2630446,4.1,33128
-561.252638,491.028086,3.7,33151
-775.1192428,183.2874939,4.1,33160
-796.0105561,415.8446237,3.7,33164
-797.612083,450.8783376,4.2,33164
-1082.040922,42.93020186,4.5,33166
-487.566243,-113.1088479,4.3,33166
-609.479451,529.1759079,4.4,33169
-630.0051443,456.4392446,4.5,33173
-531.4191171,495.810466,4,33185
-1067.767733,396.8263218,3.9,33188
-387.498982,349.6698307,3.9,33191
-344.0328936,352.2278479,4,33191
-1086.336744,274.9312409,4.8,33194
-523.4756676,470.341512,4,33200
-1108.996204,140.6909465,3.9,33200
-533.5642706,463.2235511,3.8,33201
-539.5996552,460.5543158,4.8,33202
-631.1462148,355.2307376,3.9,33203
-628.867015,468.67324,4,33205
-542.2834469,465.4479139,5.3,33208
-571.0832321,499.1470102,3.8,33208
-495.4343559,445.3174307,4.2,33216
-527.8613543,474.0117106,3.6,33226
-1036.19106,181.8416581,4.6,33228
-516.4789949,-94.42420046,4.8,33229
-1046.862695,-0.444872558,5.2,33235
-1042.359822,-5.672125116,4.4,33247
-797.3693416,462.6674604,3.7,33249
-1027.42887,360.4579902,4,33255
-1085.038618,390.9317604,4.1,33272
-763.0307072,149.4771795,4,33273
-792.5058386,196.1887981,3.4,33279
-752.8036365,197.3009795,3.9,33280
-749.4200486,134.2402944,4.2,33287
-1128.090626,321.0867688,4.1,33288
-501.4389379,-108.437686,4,33313
-387.007368,500.1479734,4.1,33331
-747.0938997,125.3428432,4.1,33339
-564.7946844,-12.12277721,4.6,33342
-522.8670979,-82.19020511,3.9,33359
-1072.019159,275.9322042,4.8,33364
-320.0820341,459.7757888,4,33365
-812.4926462,232.6683479,3.4,33373
-759.6589973,148.3649981,4.6,33401
-591.949031,-83.63604092,4.8,33401
-567.2725282,-117.8912279,4.6,33412
-760.1476189,227.997186,4.6,33428
-706.3917448,-175.8358786,4.5,33460
-577.6066009,427.6337465,6.9,33467
-566.9590869,422.4064939,4.4,33467
-623.2613003,427.300092,4.8,33467
-613.7137646,423.6298934,4,33467
-604.3267153,414.7324423,5,33467
-600.4794314,424.7420748,4.6,33467
-586.5401174,432.5273446,3.6,33468
-607.840755,416.5119325,4.4,33468
-582.1232936,419.5148223,4.8,33469
-599.2100072,431.5263814,4.1,33470
-635.2797538,398.2721576,4.6,33471
-590.2078811,430.5254181,4.2,33476
-556.8695916,431.4151632,3.9,33482
-540.7777309,426.0766925,4.4,33483
-598.7671827,434.0843986,4.1,33485
-621.0731209,430.0805455,3.5,33485
-563.3009814,428.6347097,3.6,33486
-621.7313146,423.1850209,4.4,33492
-589.3675717,386.2605986,3.8,33494
-567.0924522,453.2139186,3.6,33501
-714.4023121,100.42998,3.8,33501
-598.7592416,440.9799232,3.6,33502
-601.4430915,436.0863251,3.6,33503
-637.6002466,-107.2142865,3.5,33511
-382.7843041,-184.0660209,5.6,33514
-369.220376,9.23110558,3.9,33517
-601.0046118,427.7449646,3.9,33521
-879.3805965,247.7940149,3.1,33528
-777.8197672,142.0255642,3.6,33528
-598.2045954,445.2062125,3.9,33529
-615.3424552,432.9722172,3.4,33529
-631.0103802,430.6366362,3.6,33529
-599.5775619,423.296239,3.5,33531
-726.739094,380.1436009,3.7,33534
-604.4925467,421.7391851,3.9,33535
-530.6270169,338.1031442,3.5,33541
-412.4692087,477.1258186,3,33545
-609.3719875,422.0728395,3.9,33576
-562.2127792,431.5263814,4.6,33592
-566.6642195,428.5234916,4.6,33595
-556.8575752,434.5292711,3.4,33597
-618.4265544,422.4064939,3.3,33614
-620.6723321,461.8889334,3.5,33630
-1090.759705,352.0054116,4,33648
-629.8724998,290.0569079,4.7,33656
-986.7650248,377.3631474,5,33660
-892.651988,468.5620218,4.7,33666
-552.5382276,438.421906,3.6,33676
-1011.168416,148.0313437,4.8,33719
-728.1505015,6.005779534,4.7,33719
-742.5142043,-32.14204232,4.2,33734
-1079.332748,259.4719195,4,33757
-346.4190426,475.123892,5.3,33797
-387.1247661,362.9047893,3.8,33799
-599.4496742,525.0608367,4.5,33805
-555.9914348,432.4161265,4.6,33835
-858.2777786,260.2504465,4.2,33866
-535.524434,418.2914227,4.7,33887
-557.5412588,435.19658,3.8,33887
-562.5335128,429.3020186,4.7,33887
-551.7888594,415.1773148,3.6,33887
-792.6544289,152.9249418,3.3,33903
-962.0520513,433.7507441,3.3,33951
-634.5586261,-32.25326046,3.9,33952
-653.5101464,-52.60617999,3.9,33952
-777.2335394,116.0005195,3.5,33952
-778.2156808,126.2325884,3.8,33953
-562.0469982,464.3357325,3.7,33955
-994.6105788,106.9918502,4,33957
-274.9641787,-162.0448293,3.7,33960
-409.49104,453.6587911,3.2,33972
-598.473721,428.9683641,3.4,33987
-477.8321225,-162.3784837,4.4,33995
-973.3262359,485.467179,4.2,34008
-956.8471894,341.3284702,3.8,34018
-1069.619321,307.5181558,4.3,34023
-618.1150996,162.7121381,3.6,34051
-827.5677976,165.3813735,4.2,34061
-1089.104045,299.6216679,4.6,34067
-266.8518611,422.9625846,4.6,34073
-555.2979873,428.9683641,4.8,34073
-562.5238827,446.7632665,4.8,34074
-555.0682288,453.1027004,4.4,34074
-552.5295217,444.4276855,3.8,34074
-607.0232764,416.5119325,4.1,34093
-790.7377492,191.6288544,3.4,34103
-563.4665648,440.4238325,4.1,34121
-748.5212785,79.74340604,4.5,34164
-489.4483003,-103.8777423,3.9,34197
-511.8584037,-120.1155907,4.5,34197
-636.1834523,434.418053,4.1,34250
-626.3384784,439.0892148,3.6,34250
-649.2456374,425.5206018,3.3,34250
-626.5969665,448.3203204,4.1,34250
-296.8917643,530.5105255,4.4,34261
-703.0081482,531.5114888,3.7,34264
-965.5324654,189.0708372,4,34287
-624.9088344,478.6828725,4.2,34292
-926.6512285,284.607219,4.9,34293
-537.8778625,-93.75689162,4,34295
-488.3790846,-109.8835218,6.6,34326
-490.9019589,-131.7934953,5.4,34326
-498.1574184,-128.7906056,4.7,34326
-481.6702999,-127.1223335,4.4,34326
-480.2851335,-124.0082256,4.5,34326
-505.0598342,-143.1377456,4.6,34327
-500.7471106,-135.0188214,4.6,34327
-499.4250994,-146.0294172,4.5,34328
-495.5855295,-125.0091888,5.3,34328
-487.9154877,-108.1040316,4.5,34330
-496.7355551,-120.7828995,5.1,34335
-495.0506147,-130.1252232,4.6,34335
-498.0536067,-139.1338925,4.9,34336
-500.0304621,-138.2441474,4.7,34336
-499.0748699,-138.3553656,4.9,34343
-499.8134777,-139.8012014,4.9,34347
-606.864898,452.3241734,4.1,34351
-1048.938894,193.1859084,5,34357
-495.8754562,-154.7044321,4.5,34366
-497.5012988,-131.2374046,4.6,34373
-569.8059148,111.7742302,4.5,34375
-633.6688277,434.0843986,4.6,34388
-405.0908869,340.7723795,4.5,34399
-403.9151825,365.4628065,4.3,34403
-409.7811265,377.2519293,4.2,34420
-739.4856747,517.9428758,4.4,34432
-1099.138178,135.1300395,4.5,34435
-649.7396356,397.1599762,4,34486
-346.0617273,-76.29564371,3.8,34487
-650.595941,-50.15938093,4.5,34494
-863.8055772,187.0689107,4.3,34500
-1010.668513,487.5803237,4.5,34519
-1054.702865,387.8176525,4.2,34543
-684.7302914,-21.24266465,4.4,34551
-831.6801501,182.8426214,4.7,34572
-294.275785,-164.1579739,4.5,34574
-552.6010465,338.3255804,4.7,34612
-743.1719826,225.7728232,4,34620
-664.9410983,478.9053088,4.3,34627
-825.462891,217.5426809,3.3,34657
-703.1774959,-20.01926511,3.6,34657
-991.1957613,421.8504032,3.7,34694
-509.966018,96.98221766,3.6,34706
-586.8304684,11.23303209,4.6,34723
-434.7300573,-170.4974079,3.5,34729
-551.6779447,211.9817739,3.6,34744
-905.3068038,249.462287,4,34753
-851.9257353,442.0921046,4.1,34763
-493.8345659,151.2566698,4.4,34773
-571.7023144,58.27830511,4.8,34773
-565.8183524,74.18249906,3.7,34774
-640.5991262,416.9568051,5.4,34775
-632.7497309,423.9635479,4.5,34776
-644.1579089,423.0738027,4.4,34776
-507.8521429,-102.2094702,3.5,34777
-640.5833194,447.6530116,4,34779
-632.1569637,440.0901781,3.8,34780
-636.2026653,425.1869474,4.4,34780
-632.5977304,420.9606581,3.9,34781
-570.7501841,66.84210185,4.1,34790
-427.883663,297.0636507,4.6,34791
-435.1978054,300.0665404,4,34791
-437.3652296,275.1536772,4.7,34791
-439.7137571,301.8460307,4.5,34791
-435.0531971,289.2783809,4.7,34793
-414.1935178,302.8469939,4,34795
-425.0073276,256.5802479,3.6,34800
-1047.964125,363.9057525,5,34803
-989.9767271,460.6655339,4.5,34806
-618.9952292,436.5311976,3.8,34817
-468.2051394,272.59566,3.5,34826
-793.057383,458.329953,4.2,34827
-574.6753261,55.7202879,4.7,34848
-578.2710188,496.588993,4.2,34858
-947.2663064,463.6684237,4.5,34864
-607.2810955,-55.83150604,4.5,34874
-825.2854312,208.7564479,4.6,34874
-593.2808959,119.2258456,4.7,34890
-774.588936,125.8989339,4.1,34891
-627.56449,417.6241139,4.7,34891
-1037.495736,25.80260837,4.9,34897
-539.9044885,452.5466097,4.4,34913
-623.3349997,-35.47858651,3.7,34931
-713.1444487,115.4444288,3.9,34965
-817.7607876,224.1045511,4.2,34978
-440.086864,301.7348125,3.6,34987
-806.8519278,259.9167921,4.4,34995
-627.6333657,504.9303534,4.8,34997
-758.7639343,153.9259051,3.4,35000
-809.1397915,189.6269279,4.7,35005
-980.0119126,343.1079604,3.7,35010
-449.1164872,284.0511283,4.2,35010
-597.3648934,-57.49977813,3.8,35021
-800.1812648,198.9692516,4.6,35021
-613.3825069,-55.83150604,4.5,35024
-318.2091247,476.680946,4.3,35028
-525.4567249,-121.6726446,4.5,35041
-500.969841,448.3203204,3.6,35043
-777.1428089,216.0968451,3.4,35053
-372.439266,366.7974241,4.5,35071
-731.2864443,528.9534716,3.6,35081
-720.734894,134.9076032,3.9,35085
-943.5278115,327.3149846,4.3,35094
-619.3181704,412.0632069,4.3,35095
-390.8444506,376.3621841,3.6,35135
-580.7601821,108.8825586,4.6,35138
-976.9882751,378.3641107,4.8,35141
-321.5828623,497.9236106,4.4,35143
-1082.697018,-24.13433628,4.4,35165
-1061.2121,168.3842632,5.1,35167
-437.893575,-179.8397316,3.8,35176
-1115.535379,-60.61388604,4.4,35186
-511.12849,-112.7751935,4.3,35191
-387.3501594,-193.2971265,4.4,35226
-814.8153785,196.3000163,4.9,35241
-760.2076332,201.3048325,3.7,35246
-790.6430785,118.3361005,4.8,35257
-757.3843732,240.6760539,4.1,35263
-442.8852637,285.2745279,4.8,35280
-929.2037313,501.2601548,4.7,35287
-623.289518,442.5369772,3.8,35293
-1049.761701,344.1089237,4.2,35326
-680.1826892,417.1792414,4.6,35329
-690.7854099,423.4074572,4.2,35331
-693.9464657,414.1763516,4.7,35334
-689.6687292,430.8590725,4.5,35334
-691.5922121,427.0776558,4.2,35334
-898.0229393,254.1334488,4.1,35342
-949.0607755,-28.36062558,4.2,35362
-800.1166532,180.5070404,5.3,35362
-347.4327854,406.9471725,3.9,35365
-350.8276644,300.511413,3.6,35368
-1021.983216,-16.57150279,3.7,35369
-1073.542447,417.1792414,4.7,35384
-1161.354067,36.36833162,4.5,35388
-436.9024957,-171.8320256,4.6,35403
-740.1170925,303.8479572,4.2,35408
-754.1790678,305.0713567,3.9,35408
-760.6385048,317.1941339,3.9,35409
-347.345928,302.6245576,4.5,35411
-773.4283353,161.043866,4.3,35412
-756.5638414,318.7511879,4.4,35431
-719.0027126,455.1046269,4.1,35436
-922.4617109,429.0795823,4.7,35443
-291.0674233,437.5321609,4,35450
-741.6391457,313.6351535,4.4,35478
-298.2134192,435.19658,3.7,35478
-712.7814308,318.6399697,4.3,35478
-292.9493052,-100.6524163,5.6,35490
-292.6464806,-114.2210293,4.6,35490
-312.6808396,-130.9037502,4,35490
-297.4898641,-119.5595,4.4,35490
-740.9323406,310.9659181,4.3,35490
-310.445734,-123.2296986,4.4,35491
-311.4852966,-116.0005195,4.7,35492
-294.7939952,-98.09439906,3.7,35492
-287.6060379,203.4179772,4.2,35495
-291.6040166,-111.1069214,4,35495
-301.6145608,-136.9095298,3.8,35498
-343.0200548,307.7405921,4.7,35507
-358.2381324,289.5008172,4.4,35526
-1073.992135,265.0328265,4,35550
-309.5478499,-138.9114563,3.7,35552
-312.5521622,-136.4646572,3.8,35561
-1064.048655,287.7213269,4.2,35565
-640.9864149,-30.02889767,4.1,35582
-991.7752987,508.8229883,4.1,35587
-441.2518531,-181.8416581,3.9,35607
-1021.633343,21.68753721,4.6,35611
-689.5976634,25.58017209,4.5,35616
-355.6248483,307.4069376,3.7,35617
-339.0906493,294.3944153,4.3,35617
-891.3115786,446.7632665,5.4,35640
-932.7223181,422.8513665,4.1,35640
-898.9416045,450.0998107,4.8,35640
-899.8263899,441.3135776,4.2,35640
-911.0477744,461.7777153,5.2,35641
-898.106766,428.6347097,4.3,35641
-900.6947391,418.1802046,4.4,35641
-913.0552853,416.2894962,4.4,35641
-906.7091938,438.6443423,4.4,35641
-898.7112858,446.0959576,3.9,35641
-901.4070889,437.3097246,4.6,35641
-905.8393859,442.7594134,4.7,35641
-891.6038267,440.2013962,4.6,35641
-902.6727878,434.6404893,4.6,35641
-897.8379892,436.7536339,4.6,35642
-899.4997211,421.9616214,3.7,35642
-894.2432063,447.3193572,4,35642
-899.2106851,424.853293,4.6,35642
-894.8412648,439.5340874,4.5,35642
-897.337257,435.4190162,5.3,35642
-905.8554532,409.2827534,4.7,35642
-940.84255,424.1859841,3.7,35642
-874.2754081,439.5340874,4,35642
-890.6574494,447.8754479,4,35642
-861.9995568,443.7603767,3.6,35642
-891.3239383,436.6424158,3.4,35642
-870.4838765,450.5446832,4.4,35643
-884.4846562,430.6366362,4.4,35643
-901.0931659,431.4151632,4.7,35643
-947.4810666,416.2894962,3.9,35643
-943.1529217,425.5206018,3.9,35643
-928.9883716,412.3968614,3.3,35643
-905.0913113,441.2023595,4.5,35643
-881.5621051,448.3203204,4.2,35643
-899.5008038,443.6491586,4.8,35643
-906.1327724,440.7574869,4.3,35644
-902.6119361,441.5360139,4.5,35644
-893.5202871,430.9702907,3.7,35646
-913.0859473,433.8619623,4,35647
-892.3579202,443.5379404,4.6,35647
-937.1304111,430.1917637,3.8,35647
-898.9595157,445.4286488,4.7,35647
-878.7342192,435.6414525,4.5,35647
-899.9087886,444.0940311,4,35647
-337.3486656,312.0780995,4.8,35649
-931.408204,434.6404893,3.6,35658
-905.0528995,435.3077981,6.3,35659
-902.0494433,434.5292711,5,35659
-897.4725827,442.2033227,3.9,35659
-895.732234,444.2052493,4.4,35660
-899.1093357,431.3039451,4.5,35660
-895.3431742,435.4190162,4,35660
-895.6279163,436.1975432,4.6,35660
-897.1093997,450.3222469,3.5,35660
-906.453728,430.4142,3.8,35660
-894.6495192,454.9934088,4.4,35661
-1011.278926,227.6635316,4.3,35661
-900.8909499,441.5360139,3.8,35663
-881.3985952,426.9664376,4.7,35663
-877.1808916,424.6308567,4.9,35663
-974.7421221,393.3785595,3.9,35663
-903.4709645,429.4132367,4.3,35663
-903.6658199,431.0815088,4.4,35664
-876.0750212,445.2062125,4.3,35667
-895.2674146,431.6375995,4,35669
-928.8485739,440.0901781,4.1,35679
-848.1936941,418.2914227,3.8,35688
-906.3862982,421.1830944,4.7,35688
-908.2264357,422.7401483,5,35688
-895.4326231,457.9962986,3.6,35692
-784.2400514,470.1190758,3.9,35700
-936.3425247,432.5273446,4.3,35723
-1065.60524,352.7839386,4.1,35728
-744.59847,430.0805455,4.1,35735
-691.4188093,445.7623032,3.6,35737
-716.6717392,448.0978841,4,35742
-904.5161666,445.0949944,3.8,35756
-897.5689876,438.5331241,3.9,35757
-818.3386396,208.5340116,4.6,35761
-1145.122343,199.5253423,3.9,35762
-557.4814894,2.113144651,4.7,35764
-379.8724817,-194.8541804,4.2,35780
-873.8830557,449.0988474,4,35781
-432.5458636,-163.9355377,4.7,35794
-909.3332972,430.6366362,4,35794
-734.4002695,221.6577521,4.4,35806
-722.8873228,152.8137237,4.1,35817
-557.1280936,476.4585097,4.1,35822
-304.2263892,-130.6813139,4.3,35823
-797.7470285,178.7275502,4.4,35831
-1036.920707,209.8686293,4.7,35842
-874.3154186,463.112333,4.5,35844
-498.7392474,-105.990887,4.9,35847
-519.3441144,-124.2306618,4.1,35847
-347.009933,478.4604362,5,35849
-906.9433559,421.9616214,4.3,35851
-260.9374842,247.7940149,4.3,35859
-698.260607,415.9558418,4.2,35869
-1032.095581,462.2225879,4.4,35888
-308.0352768,428.9683641,3.8,35907
-1054.586598,-54.83054279,4,35928
-600.9414009,508.600552,4.5,35935
-375.2057151,-123.3409167,3.9,35940
-389.4984728,-101.9870339,4.8,35946
-912.5608325,449.6549381,4,35954
-890.8719469,442.0921046,4.5,35954
-999.8181899,502.1498999,4.9,35963
-308.4377418,510.8249148,4.1,35998
-596.3580232,13.56861302,4.5,36049
-601.8957261,3.002889767,4.4,36049
-738.1901164,116.5566102,4.2,36055
-862.7373468,272.1507874,4.1,36100
-1030.855252,364.1281888,5.5,36110
-1029.895992,355.5643921,4.4,36110
-1031.468629,366.7974241,5.4,36110
-1035.137769,367.464733,4.3,36111
-1020.377612,368.7993507,4.7,36118
-524.7375479,167.3833,3.7,36119
-384.2181679,-125.8989339,4.8,36126
-338.0931168,-84.08091348,4,36126
-594.0176694,528.3973809,4.7,36140
-1059.446215,379.1426376,4.5,36146
-326.2508953,-183.9548028,4.6,36159
-361.8275565,367.2422967,4.1,36167
-333.1829602,-199.6365604,4.1,36173
-553.8046621,470.4527302,4.5,36187
-590.8224813,458.2187348,4.4,36187
-538.9966244,461.555279,4.3,36246
-694.1119966,243.90138,3.9,36260
-781.2628639,425.63182,3.9,36262
-689.9321459,76.51807999,3.9,36269
-312.4268904,393.7122139,4.3,36269
-1112.122762,-28.24940744,4,36286
-1075.395051,273.8190595,4.2,36288
-834.6042264,446.2071758,3.9,36289
-897.9193447,431.4151632,3.6,36310
-304.9219293,-24.35677256,4.1,36315
-564.4671245,468.8956762,4.2,36316
-311.855951,-33.81031442,4.2,36318
-465.2588799,-170.1637535,3.7,36337
-620.7798265,411.9519888,4.3,36356
-318.9024084,-52.93983441,5.6,36365
-311.8168363,-51.82765302,4.8,36365
-313.0280228,-67.06453813,4.4,36366
-333.326866,499.1470102,4,36367
-905.4941101,434.5292711,4.7,36370
-899.7266987,443.204286,4.1,36370
-929.1940723,430.6366362,4.7,36370
-915.1940513,430.0805455,5,36370
-906.2469255,418.9587316,5.1,36370
-943.9590628,412.6192976,3.7,36370
-928.0904965,413.1753883,3.6,36370
-859.2628899,438.3106879,3.7,36370
-903.5996808,432.6385627,4.8,36370
-913.1312134,436.9760702,4,36375
-749.7606404,104.7674874,4.9,36381
-761.2930021,80.07706046,4.1,36381
-698.2811069,-91.64374697,3.7,36396
-893.4548712,193.6307809,3.9,36398
-312.4628683,-113.3312842,4.2,36405
-1080.982439,365.907679,4,36432
-413.1203457,308.4079009,4.4,36448
-1127.706239,230.7776395,3.5,36453
-1018.230085,353.5624655,4.8,36467
-998.3714751,359.5682451,4.3,36471
-898.3371371,38.92634883,4.2,36477
-598.6430839,-93.9793279,3.5,36482
-779.6750333,479.906272,4.5,36490
-742.2682571,118.4473186,3.8,36490
-738.4927477,114.9995563,4.8,36490
-1085.115856,154.5932139,3.4,36492
-600.6399075,461.4440609,3.7,36493
-887.8101262,335.4339088,4,36526
-763.0598764,118.6697549,4.8,36535
-356.970372,244.7911251,3.9,36538
-757.3992543,130.2364414,4.1,36539
-1047.285964,250.1295958,4.3,36558
-553.6717067,459.5533525,4.2,36570
-569.1435798,-41.59558418,3.7,36574
-331.4283691,234.2254018,3.8,36580
-590.6633114,526.2842362,3.9,36602
-919.0076082,320.1970237,3.7,36604
-340.7486486,263.6982088,4,36607
-1104.461506,379.4762921,3.7,36613
-766.0761584,136.6870935,4.8,36616
-608.6700972,427.0776558,4.2,36632
-974.7897187,466.4488772,4.7,36658
-269.9548084,404.166719,4.2,36658
-566.7261913,-64.06164837,4.4,36659
-587.2945466,175.6134423,3.4,36661
-377.086341,-169.7188809,3.5,36664
-924.8956641,354.0073381,3.3,36672
-513.0828809,-121.6726446,4.6,36679
-516.4943365,-118.780973,3.8,36679
-354.532474,169.6076628,4,36681
-282.8830709,-103.7665242,3.9,36690
-999.7015826,337.991926,7.6,36712
-1004.130053,304.515266,5.9,36712
-976.6214474,388.5961795,5.7,36712
-1012.121948,317.3053521,5.8,36712
-1029.526432,357.2326641,5.6,36712
-1024.274657,335.3226907,5.6,36712
-1038.417393,343.2191786,5.4,36712
-1033.513383,363.2384437,4.9,36712
-1046.573755,348.0015586,4.9,36712
-1027.698597,350.6707939,4.8,36712
-1013.474088,309.0752097,4.7,36712
-1010.967271,322.866259,4.9,36712
-1036.856552,357.899973,5.3,36712
-1046.075091,347.556686,5,36712
-1040.727732,350.3371395,5.7,36712
-1022.75601,352.339066,4.9,36712
-1044.470499,368.9105688,4.9,36712
-988.5231805,321.6428595,5.1,36712
-1027.598153,372.8032037,4.6,36712
-985.8141964,272.1507874,4.5,36712
-994.2459248,369.8003139,4.4,36712
-1046.012053,348.1127767,4.6,36712
-1041.478026,360.6804265,4.5,36712
-1021.343632,350.2259214,4.4,36712
-1024.691669,361.2365172,4.6,36712
-1028.998026,347.2230316,4.5,36712
-1045.166212,287.7213269,4.5,36712
-993.6606571,277.37804,4.5,36712
-1040.95746,304.0703935,4.5,36712
-995.7846029,327.5374209,4.4,36712
-989.3685888,368.4656962,4.6,36712
-984.5192783,291.6139618,4.7,36712
-1038.132176,351.4493209,4.5,36712
-1030.116214,355.2307376,4.7,36712
-1006.644443,296.50756,5.1,36712
-1015.785098,370.690059,4.5,36712
-1025.576868,345.8884139,4.5,36712
-1030.929086,348.7800855,5.4,36712
-1042.568448,377.5855837,4.5,36712
-1033.709894,360.6804265,4.4,36712
-1039.567058,356.5653553,5.3,36712
-1036.94065,362.0150441,5.5,36712
-1001.389013,306.07232,4.9,36712
-1035.874111,352.0054116,4.4,36712
-1002.139896,283.4950376,4.3,36712
-1024.660045,341.7733428,4.2,36712
-1025.077556,349.5586125,4.5,36712
-1036.353114,343.6640511,4.8,36712
-1012.704403,357.2326641,4.6,36712
-1010.004618,351.0044483,4.7,36712
-1042.517477,353.117593,4.7,36712
-1041.526696,342.4406516,4.4,36712
-1045.332676,378.1416744,4.3,36712
-1030.311954,346.1108502,4.8,36712
-1037.284936,357.3438823,4.5,36712
-1039.491854,351.560539,4.5,36712
-1028.063646,357.2326641,4.6,36712
-1046.870952,329.98422,4.4,36712
-971.7649721,284.0511283,4.5,36712
-1016.228882,337.6582716,5.3,36712
-1031.888034,338.5480167,4.5,36712
-1042.918276,376.9182748,4.5,36712
-1038.586428,356.342919,4.6,36712
-1009.406207,348.1127767,5.4,36712
-1038.171792,343.7752693,4.6,36712
-1028.749605,358.4560637,4.5,36712
-997.7489,358.5672818,4.1,36712
-1049.813927,334.7666,4.2,36712
-1008.185757,347.556686,4.1,36712
-1019.842826,350.5595758,4,36712
-1046.595487,353.4512474,4.2,36712
-1008.52754,319.9745874,3.9,36712
-1030.257688,362.1262623,4.2,36712
-1037.486873,333.5432004,4.4,36712
-1052.405568,288.0549814,4,36712
-1041.482861,346.8893772,3.6,36712
-1028.710776,353.89612,4.8,36712
-1024.167581,350.3371395,4.7,36712
-1042.271889,370.5788409,4.8,36712
-997.6910269,318.3063153,4.7,36712
-1030.651409,325.7579307,3.9,36712
-1021.344247,342.774306,4.8,36712
-1033.618792,343.552833,3.6,36712
-1025.465278,364.1281888,3.8,36712
-1039.174943,365.6852428,5,36712
-1044.910941,357.0102279,4,36712
-1023.705847,336.3236539,3.5,36712
-998.5674922,284.1623465,3.7,36712
-1050.015542,356.342919,4.6,36712
-1005.368417,325.4242762,3.8,36712
-1029.09348,354.5634288,5.1,36712
-989.577134,305.6274474,4.4,36712
-1005.473394,304.8489204,3.9,36712
-1048.113129,340.8835976,4.5,36712
-1042.89176,365.1291521,3.8,36712
-976.1361235,300.511413,4.8,36712
-986.4532244,298.6207046,3.5,36712
-1061.296977,339.3265437,4.3,36712
-1055.66128,340.5499432,4.1,36712
-1047.9623,345.4435414,3.8,36712
-997.3827169,308.2966828,3.4,36712
-999.135373,303.0694302,3.6,36712
-1027.8728,393.8234321,4.2,36712
-1042.589565,364.5730614,4.7,36712
-1012.612262,327.9822935,4.5,36712
-1000.021954,305.9611018,4.7,36712
-1000.301881,311.0771362,4.7,36712
-1024.286732,342.6630879,4,36712
-1041.96968,359.5682451,6.4,36712
-1034.195632,361.2365172,4.7,36712
-1052.328089,344.8874507,4.6,36712
-1046.591932,329.205693,3.8,36712
-1054.111759,335.6563451,4.4,36712
-1009.236351,315.9707344,4.3,36712
-1023.620993,356.8990097,3.8,36712
-1025.232519,355.5643921,4,36712
-1040.036783,356.4541372,4.7,36712
-1044.848223,354.3409925,4.8,36712
-1036.524929,362.4599167,4.6,36712
-1030.006149,349.6698307,5.1,36712
-1035.762416,348.1127767,4.9,36712
-1047.268218,358.7897181,5,36712
-1040.686449,349.8922669,4.7,36712
-1084.963303,364.6842795,4.2,36712
-1017.929078,305.293793,3.7,36712
-1036.024961,358.7897181,3.7,36712
-1031.88947,347.556686,4.7,36712
-1056.963616,346.778159,4.1,36712
-1038.20102,341.8845609,3.6,36712
-1037.7357,331.3188376,4.4,36712
-1035.76636,343.9977055,5.6,36712
-1052.898331,347.1118135,5.2,36712
-1040.916681,357.5663186,4.9,36712
-1049.968638,328.5383842,4.8,36712
-1039.663173,363.7945344,5.7,36712
-1026.037588,361.4589535,5.2,36712
-1029.480453,347.0005953,4.8,36712
-1046.022867,364.9067158,3.6,36712
-1045.345208,312.5229721,3.9,36712
-1020.819025,359.9018995,3.4,36712
-998.3202181,315.8595162,4.5,36712
-1046.589571,348.6688674,4.9,36712
-1026.204247,354.2297744,4.2,36712
-1027.135792,354.8970832,3.4,36712
-1011.812912,292.9485795,3.6,36712
-987.9649686,288.6110721,4,36712
-1022.961316,305.5162293,4.8,36712
-1044.207491,331.6524921,3.5,36712
-1032.87999,349.3361762,4.2,36712
-1042.40706,345.9996321,4.3,36712
-1035.408649,379.5875102,4.7,36712
-1039.989552,346.3332865,3.5,36712
-1055.196618,346.2220683,4.3,36712
-1020.895327,305.0713567,3.6,36712
-1048.219315,354.4522107,3.7,36712
-975.9506074,364.1281888,4.6,36712
-1028.144759,301.8460307,3.7,36712
-1021.705585,353.5624655,4.4,36712
-1029.794933,368.6881325,3.6,36712
-1008.549786,369.2442232,4,36712
-1032.497493,358.4560637,3.9,36712
-993.897427,345.1098869,4.5,36712
-1012.484397,318.1950972,4.3,36712
-1022.143084,297.8421776,3.7,36712
-1030.117518,342.1069972,4.5,36712
-1017.467142,360.4579902,4.7,36712
-1039.891353,337.4358353,3.4,36712
-1021.189487,356.5653553,4.3,36712
-1037.768749,354.6746469,3.7,36712
-1035.036903,357.0102279,3.8,36712
-1022.920932,366.4637697,3.2,36712
-1038.100328,347.6679042,4.6,36712
-994.0265151,322.5326046,4.9,36712
-1041.202648,340.4387251,3.5,36712
-1063.110978,329.0944749,3.4,36712
-1020.558195,278.4902214,3.3,36712
-1031.697398,345.9996321,3.6,36712
-1034.939128,366.7974241,4.9,36712
-1036.170172,359.1233725,4.4,36712
-1035.934873,356.342919,4.5,36712
-1043.36616,356.1204828,4.7,36712
-1034.526324,344.4425781,4.6,36712
-1023.0972,352.5615023,4.7,36712
-1049.625985,342.8855242,3.9,36712
-1038.767074,342.5518697,4.4,36712
-1033.208377,357.0102279,5.7,36712
-1027.811819,352.1166297,4.8,36712
-1050.798684,473.6780562,4,36712
-991.5799074,338.5480167,4.5,36712
-1033.395863,350.4483576,5.4,36712
-1031.88947,347.556686,4.9,36712
-1041.793416,349.0025218,4.8,36712
-1013.870216,354.1185562,3.6,36712
-1034.34403,349.3361762,4.8,36712
-1031.487873,355.2307376,4.1,36712
-1049.191969,336.2124358,3.8,36712
-1061.175071,375.2500028,3.9,36712
-1039.672578,362.9047893,4.7,36712
-1036.866775,369.1330051,4.8,36712
-1107.998036,409.5051897,3.8,36712
-992.9275338,325.0906218,4.1,36712
-1041.516793,345.7771958,3.4,36712
-1010.796961,309.1864279,3.9,36713
-1014.608942,284.9408735,3.3,36713
-1040.898525,301.28994,3.2,36713
-1052.238752,361.6813897,3.8,36713
-1040.091985,315.9707344,3.6,36713
-985.6892077,301.5123762,4.4,36713
-1048.239766,349.4473944,4.7,36713
-1009.449572,278.0453488,3.7,36713
-1013.576234,356.7877916,4,36713
-1038.691632,345.6659776,4.6,36713
-1030.429726,348.335213,3.9,36713
-1046.870361,350.2259214,3.3,36713
-1027.413356,353.2288111,3.5,36713
-1057.228655,332.431019,3.7,36713
-1041.781847,338.5480167,4,36713
-1002.91498,312.4117539,3.3,36713
-1028.600889,309.4088642,3.8,36713
-1020.490481,359.5682451,3.5,36713
-1027.952646,335.2114725,4.4,36713
-1039.594782,312.1893176,3.2,36713
-1038.795752,379.4762921,4.3,36713
-1024.439299,347.8903404,4,36713
-1036.411198,342.3294335,4.1,36713
-1027.966493,347.4454679,3.8,36713
-1036.84423,344.9986688,3.4,36713
-1040.874222,335.2114725,3.9,36713
-996.2650679,309.297646,4.2,36713
-1037.473906,364.5730614,3.9,36713
-1011.102057,302.9582121,3.9,36713
-1032.939286,341.4396883,3.8,36713
-1037.550191,335.4339088,4.3,36713
-992.3008596,338.6592348,4.1,36713
-1037.588726,347.3342497,3.5,36713
-1031.545507,351.4493209,4.7,36713
-1045.393348,356.7877916,5,36713
-1031.846499,344.6650144,3.3,36713
-1050.017337,330.5403107,3.5,36713
-1030.9407,368.24326,3.6,36713
-1057.552033,327.9822935,3.7,36713
-986.7195672,351.4493209,3.5,36713
-992.0394795,332.5422372,3.6,36713
-1037.20876,328.6496023,3.5,36713
-1002.880329,297.2860869,4.4,36713
-1021.208372,300.511413,3.6,36713
-1038.721365,341.3284702,5.3,36713
-954.2449922,322.0877321,3.5,36713
-1055.138352,337.1021809,4.3,36713
-1047.066884,329.8730018,3.6,36713
-1050.061703,326.0915851,3.3,36713
-1013.047245,339.1041074,3.7,36713
-1011.666107,361.6813897,3.7,36713
-1035.262772,352.5615023,5.7,36713
-1033.399732,356.1204828,5,36713
-1022.173392,334.4329455,4,36713
-1036.166502,358.3448455,4.8,36713
-1030.904479,342.4406516,4.8,36713
-988.6614236,313.4127172,3.8,36713
-1040.508634,348.2239948,3.9,36713
-1022.693366,348.7800855,4.9,36713
-1044.438518,338.5480167,4.8,36713
-1012.445997,298.1758321,3.3,36713
-1023.785058,296.2851237,3.6,36713
-1037.8692,359.4570269,3.3,36713
-1037.26806,338.770453,3.4,36713
-1028.054492,330.9851832,3.8,36713
-1036.14934,347.1118135,3.6,36713
-1039.712453,351.2268846,5,36713
-1002.411526,311.9668814,4.5,36713
-995.4733846,315.8595162,3.6,36713
-1041.309817,343.552833,4.4,36713
-1040.072657,365.0179339,4.9,36713
-1004.316487,322.4213865,3.1,36713
-1036.582717,333.4319823,3.4,36713
-1050.287157,359.5682451,3.3,36713
-1035.096682,345.8884139,4.6,36713
-1043.073971,332.7646735,3.6,36713
-1007.37061,353.3400293,3.7,36713
-1008.112215,320.41946,4.2,36713
-1018.304881,362.7935711,4.9,36713
-1000.509188,281.4931111,4.4,36713
-1032.014904,361.125299,3.5,36713
-1052.850861,337.8807079,3.7,36713
-1009.972998,360.4579902,3.9,36713
-1044.778608,356.5653553,4.1,36713
-1030.626851,344.1089237,4,36713
-1019.141279,304.2928297,3.9,36713
-1046.498795,339.7714162,3.6,36713
-971.4516884,322.5326046,3.5,36713
-1002.044039,311.9668814,4.5,36713
-1042.87002,344.33136,4.5,36713
-1049.990954,349.3361762,4.3,36713
-991.6936056,316.8604795,5.3,36713
-1051.102512,357.2326641,4.9,36713
-1004.188491,309.9649549,4.4,36713
-1046.5479,354.6746469,3.6,36713
-997.014036,315.1922074,3.1,36713
-1031.245366,372.0246767,3.8,36713
-984.972064,303.9591753,4.4,36713
-1034.626536,345.9996321,3.3,36713
-1022.199192,309.9649549,3.7,36713
-1044.215544,333.209546,4.3,36713
-1027.196799,363.3496618,3.3,36714
-1044.062979,354.0073381,3.3,36714
-1018.682925,316.0819525,3.1,36714
-1061.725388,329.98422,3.4,36714
-1032.925285,339.1041074,3.9,36714
-1049.175901,335.5451269,3.2,36714
-1042.419804,332.8758916,3.3,36714
-972.8690398,332.6534553,4.5,36714
-1032.926127,334.9890362,3.5,36714
-1012.927896,287.7213269,3.5,36714
-1076.902604,335.1002544,3.6,36714
-1057.929875,346.3332865,3.2,36714
-1007.610329,344.4425781,3.7,36714
-1072.093605,360.6804265,3.2,36714
-978.6242013,314.5248986,3.5,36714
-1012.151909,363.9057525,3.2,36714
-967.6451227,331.7637102,4.7,36714
-988.4003825,296.7299962,3.5,36714
-1042.883689,359.5682451,3.2,36714
-1035.905133,325.5354944,4,36714
-1054.517665,350.5595758,3.9,36714
-1011.884201,370.4676228,3.3,36714
-1052.85287,328.9832567,3.3,36714
-1026.36606,348.6688674,4.6,36714
-1035.337244,342.1069972,4.2,36714
-981.5710559,371.3573679,4.8,36714
-1060.895576,362.682353,4.6,36714
-1053.62879,300.9562856,3.8,36714
-1047.243407,363.0160074,4.9,36714
-1049.050488,356.7877916,4.4,36714
-1040.205923,372.6919855,4.4,36714
-1022.279032,341.7733428,4.6,36714
-1045.927106,335.1002544,4.3,36714
-1017.759405,365.2403702,3.4,36714
-1010.097925,298.6207046,3.8,36714
-1056.005464,354.3409925,3.8,36714
-1059.062847,336.4348721,4,36714
-1034.24402,368.9105688,4.2,36714
-984.901434,335.8787814,3.6,36714
-1008.685518,326.9813302,3.6,36714
-1058.279001,354.4522107,3.2,36714
-1037.1266,339.2153255,3.3,36714
-1042.557708,344.6650144,3.1,36714
-980.1809831,290.8354349,3.1,36714
-1044.507937,364.5730614,3.8,36714
-1028.766593,361.5701716,3.8,36715
-1021.64419,358.2336274,4.5,36715
-1040.967422,363.5720981,3.7,36715
-1031.008853,322.5326046,3.4,36715
-966.3863326,312.0780995,3.5,36715
-1044.795126,331.3188376,3.9,36715
-1056.124578,354.8970832,4.2,36715
-970.6304656,318.083879,3.9,36715
-1011.200733,293.5046702,3.6,36715
-1035.828134,312.1893176,3.4,36715
-1056.758167,329.3169111,3.4,36715
-1037.778999,362.682353,3.5,36715
-1000.474138,343.552833,4.2,36715
-1037.672099,356.342919,3.4,36715
-1036.800222,324.0896586,3.2,36715
-1032.654601,361.125299,4.3,36715
-1044.774815,370.2451865,3.7,36715
-990.4860285,324.7569674,4.6,36715
-977.1281492,308.6303372,4.2,36715
-1007.312269,286.8315818,3.7,36715
-990.5715745,285.7194004,3.5,36715
-772.7549576,175.5022242,4.1,36715
-1003.92587,353.89612,3.5,36716
-1006.4013,343.7752693,3.9,36716
-1041.0575,353.89612,3.5,36716
-972.1074297,335.5451269,4.2,36716
-1039.347567,360.1243358,4.2,36716
-1025.502856,350.6707939,3.5,36716
-1038.10331,309.0752097,3.5,36716
-1036.123394,339.9938525,3.8,36716
-1030.100697,276.3770767,3.7,36716
-1041.298029,364.6842795,5.3,36716
-1009.634108,309.7425186,4,36717
-1043.879599,350.7820121,3.3,36717
-1035.507637,333.209546,4.9,36717
-1026.850654,342.6630879,3.4,36717
-1031.198391,329.0944749,4,36717
-1027.243447,289.0559446,3.7,36717
-1032.223546,353.5624655,4.7,36717
-1038.654523,354.1185562,4.8,36717
-1049.814066,329.0944749,3.4,36717
-1031.161337,329.4281293,3.6,36717
-1026.484614,357.4551004,4.3,36717
-1034.899975,363.9057525,4.4,36717
-1046.515083,363.7945344,4.8,36717
-1038.748905,360.5692083,4.9,36717
-1033.533283,364.6842795,4.8,36717
-1026.300225,366.4637697,3.5,36717
-1053.34298,355.2307376,3.9,36717
-1008.901403,333.4319823,4.5,36717
-1007.839346,302.5133395,3.2,36718
-1035.084381,348.4464311,3.3,36718
-1026.810722,364.3506251,4.1,36718
-1041.466716,351.8941935,4.8,36718
-1031.112102,348.7800855,3.7,36718
-1042.707616,368.3544781,3.9,36718
-998.6009837,340.5499432,4.6,36718
-1048.40634,339.1041074,3.1,36718
-1030.459424,338.2143623,3.3,36718
-1038.698916,370.690059,4.8,36718
-1006.78443,317.4165702,3.1,36718
-1031.046381,351.0044483,3.3,36718
-1030.784359,350.8932302,4.1,36719
-967.7060141,279.6024028,5.2,36719
-975.1239127,272.9293144,5,36719
-975.5754556,310.2986093,4.2,36719
-984.2170873,313.7463716,3.9,36719
-979.7364178,280.9370204,4.5,36719
-998.3204127,334.6553818,3.7,36719
-971.3014625,352.7839386,3.4,36719
-1043.183135,359.3458088,3.1,36719
-1056.94391,333.3207642,4.1,36720
-1012.205976,343.4416148,3.5,36720
-1020.094846,302.2909032,3.5,36720
-1004.083653,307.5181558,3.7,36720
-1033.799238,350.1147032,4.3,36720
-1052.114586,340.3275069,4,36720
-1004.477465,303.8479572,3.4,36721
-1032.245916,371.2461497,4.9,36721
-1038.821813,362.3486986,3.6,36721
-1028.253488,339.1041074,3.5,36721
-1054.90873,342.3294335,4.1,36721
-1034.792131,329.7617837,3.5,36721
-1039.893175,328.427166,3.8,36721
-886.4357405,420.9606581,3.5,36721
-1022.995945,355.1195195,3.5,36721
-1028.929499,340.4387251,4.3,36722
-1055.738147,343.8864874,3.7,36722
-1044.241392,341.1060339,3.6,36722
-997.6004213,362.4599167,3.4,36722
-1029.831711,332.3198009,4.5,36722
-1039.612261,336.6573083,3.8,36722
-1042.779078,362.9047893,4.6,36722
-1051.805365,365.4628065,5,36722
-1047.499685,361.5701716,5.6,36723
-1044.204778,356.7877916,3.8,36723
-1045.804171,362.0150441,5.4,36723
-1056.001072,352.7839386,4.2,36723
-1058.136718,341.3284702,3.6,36723
-1049.188777,351.560539,3.3,36723
-1053.83659,350.1147032,3.4,36723
-1069.226981,345.9996321,3.2,36723
-1051.839066,350.7820121,4.3,36723
-1048.552573,345.8884139,4.7,36723
-1042.877322,354.7858651,4,36723
-1046.383385,343.2191786,3.7,36723
-1044.728088,357.0102279,3.4,36723
-1047.895964,348.4464311,3.4,36723
-1000.049803,363.46088,3.2,36723
-1041.370867,360.0131176,5.1,36723
-1037.894099,353.5624655,3.7,36723
-1030.710739,356.4541372,4.7,36723
-1040.006358,329.8730018,3.6,36723
-1060.769334,342.3294335,4.2,36723
-1050.942054,360.2355539,3.4,36724
-1053.670531,365.1291521,3.9,36724
-1033.10787,282.6052925,3.9,36724
-1060.76101,354.3409925,3.4,36724
-1023.040147,358.0111911,3.3,36725
-964.6336848,328.9832567,4,36725
-1029.210919,359.2345907,3.5,36725
-1012.65771,351.0044483,4.4,36725
-1042.795187,353.89612,4,36725
-1029.169526,339.1041074,3.8,36726
-999.8028255,302.8469939,4.4,36726
-1027.907906,352.8951567,4.7,36726
-1037.330056,329.205693,3.3,36726
-1060.717905,374.4714758,3.6,36726
-1020.474651,324.8681855,3.5,36727
-1026.663686,291.8363981,3.6,36727
-1045.735272,373.02564,5.5,36727
-1061.088368,354.6746469,3.4,36727
-1045.120966,360.7916446,4.2,36727
-1054.171164,367.1310786,3.7,36727
-988.2476661,364.4618432,3.5,36727
-1053.973889,366.4637697,3.5,36727
-1048.253558,360.5692083,3.8,36727
-1047.158888,369.3554414,4.8,36727
-1052.212322,357.121446,3.5,36727
-1051.595321,356.1204828,3.5,36727
-1068.387905,362.682353,3.6,36727
-1048.72822,362.0150441,3.2,36727
-1020.645994,284.4960009,3.5,36727
-1033.470226,338.3255804,4,36728
-1047.438431,328.2047297,3.9,36728
-1041.708748,369.9115321,4.9,36728
-1037.090005,366.3525516,4.8,36728
-1024.973408,353.7849018,3.7,36728
-1055.96287,278.4902214,3,36728
-334.4355418,-177.0592781,3.8,36729
-316.6104692,-150.5893609,4.9,36729
-328.072078,-160.8214298,3.8,36729
-1011.916474,284.2735646,4.3,36729
-1025.507778,347.3342497,4.3,36729
-1038.647956,330.5403107,3.9,36729
-972.4106123,300.9562856,4.8,36730
-967.5589679,305.1825749,3.7,36730
-1017.451007,314.7473349,3.3,36730
-1038.73044,362.3486986,4.1,36731
-1059.670991,334.3217274,3.8,36731
-1025.328656,356.342919,3.6,36731
-1042.345802,344.1089237,4.4,36731
-1015.67478,354.3409925,3.8,36731
-1034.776326,362.5711348,4.5,36731
-1051.166726,335.7675632,3.2,36731
-980.866259,296.6187781,4.2,36731
-1016.487459,294.8392879,3.3,36732
-1040.328297,340.8835976,3.4,36732
-1066.042029,342.6630879,3.5,36732
-1031.372632,331.6524921,3.3,36732
-1012.060725,232.5571297,3.3,36732
-1034.09451,351.560539,5.2,36732
-1037.917779,345.2211051,4.2,36732
-1038.002689,325.6467125,3.6,36732
-1040.357777,336.5460902,4.2,36733
-1041.357279,337.4358353,3.6,36733
-1020.786393,334.5441637,4.3,36733
-1047.062463,352.5615023,3.7,36733
-997.4467686,324.8681855,4.8,36733
-870.4555353,221.7689702,3.6,36735
-1044.478927,350.3371395,3.6,36735
-1034.708723,356.6765735,4.9,36736
-1041.04993,371.6910223,3.9,36737
-993.7498501,325.9803669,4.2,36738
-995.522285,329.98422,3.8,36738
-994.0650127,335.8787814,3.6,36738
-1006.465607,348.2239948,3.5,36738
-1032.406082,358.4560637,3.7,36738
-1040.753027,359.0121544,4.5,36738
-1016.758388,347.0005953,3.5,36739
-1036.383746,335.2114725,3.4,36739
-1029.557779,344.6650144,3.3,36739
-1111.434325,359.5682451,3.2,36739
-940.3254148,306.2947562,3.6,36739
-982.0021673,298.954359,4.1,36740
-1025.041199,330.8739651,3.8,36740
-1043.859981,362.2374804,4.4,36741
-1018.531768,335.8787814,5.1,36741
-1001.998007,280.4921479,3.7,36742
-1003.586352,313.8575897,4,36742
-1030.546074,337.4358353,3.2,36742
-1054.662713,346.8893772,4.1,36743
-986.6657993,301.8460307,3.8,36743
-1026.272075,346.2220683,3.8,36744
-1011.141347,306.8508469,3.6,36744
-1036.297735,338.4367986,4,36745
-340.4982791,485.9120516,3.6,36746
-1040.438156,361.7926079,4.2,36748
-1033.730899,335.9899995,3.2,36749
-1046.14498,339.6601981,3.1,36749
-1035.058822,353.5624655,3.5,36749
-1008.868583,346.3332865,3.8,36750
-1031.545475,342.4406516,3.4,36751
-819.0768052,334.4329455,4.7,36751
-1023.923986,345.1098869,3.5,36751
-998.7201033,303.5143028,4.3,36754
-436.7753761,-171.0534986,3.7,36755
-1039.529358,356.8990097,4.8,36755
-1072.560575,356.6765735,3,36755
-1035.319427,338.9928893,4.2,36755
-1040.63624,350.3371395,5.2,36756
-1030.245438,359.7906814,4.5,36756
-1050.642764,341.995779,3.2,36758
-1050.586967,355.3419558,4.7,36762
-1057.767544,344.5537962,3.9,36762
-1046.215651,364.0169707,4,36762
-1062.841173,344.2201418,4.3,36763
-511.4425193,456.6616809,3.6,36763
-1009.462562,339.2153255,3.3,36763
-404.5581039,361.2365172,4.5,36764
-1017.814886,326.5364576,3.1,36765
-1040.165931,356.1204828,4.7,36766
-990.7235413,284.2735646,4,36766
-999.3014351,304.9601386,3.7,36766
-996.2280212,360.7916446,4.1,36768
-1034.516529,340.4387251,3.4,36771
-1029.789139,348.335213,4.3,36772
-1036.363131,370.3564046,4.4,36776
-502.7459872,-113.8873749,5.1,36779
-641.8885602,367.6871693,4,36780
-1039.470078,344.4425781,3.5,36780
-1034.56805,344.8874507,3.1,36781
-1047.100616,336.8797446,3.5,36781
-513.6405993,-115.2219925,3.7,36781
-989.2908573,278.6014395,3.9,36782
-1009.924867,455.3270632,4.2,36783
-1019.30618,350.4483576,4,36783
-994.5060011,287.7213269,4.3,36784
-963.630481,380.4772553,4.7,36784
-1019.595109,331.2076195,3.3,36784
-967.6550859,373.4705125,3.4,36786
-1002.44439,285.8306186,4.1,36787
-1030.840916,347.1118135,5.2,36790
-1025.702461,343.1079604,4.6,36790
-1043.621516,354.6746469,4.3,36791
-1041.357906,356.8990097,3.6,36793
-1020.530059,345.9996321,5.1,36793
-1015.438859,359.7906814,4.7,36793
-1051.18516,322.6438228,3.2,36797
-989.0078209,283.9399102,3.7,36797
-1041.143842,358.7897181,4.3,36798
-1060.724211,340.3275069,3.5,36800
-1020.969977,345.3323232,4.3,36800
-1040.269734,342.2182153,4.2,36800
-997.1050597,334.8778181,4.5,36802
-990.4280763,305.4050111,4,36803
-1040.640933,338.1031442,3.6,36804
-1040.759419,345.9996321,3.4,36804
-407.7664865,-29.25037069,3.5,36804
-1035.188218,345.8884139,4,36804
-974.0558573,329.205693,3.7,36807
-973.919486,287.2764544,4.7,36807
-996.5076212,297.5085232,4.4,36809
-1033.891017,338.6592348,3.8,36812
-1034.963467,345.4435414,3.6,36812
-553.401145,143.5826181,4.6,36813
-1015.839844,353.6736837,3.7,36816
-390.1611992,353.7849018,4.3,36818
-1011.869953,300.9562856,4,36818
-1048.478629,331.9861465,3.6,36819
-910.4588247,396.93754,3.5,36820
-993.3695307,296.7299962,3.7,36821
-1057.338799,333.8768548,3.9,36824
-411.0594874,-148.1425618,4.1,36826
-1027.135423,344.2201418,3.9,36827
-978.9537042,299.9553223,4.6,36828
-385.7806166,-134.7963851,4.7,36828
-1035.620091,353.4512474,4.9,36829
-996.1504307,324.9794037,3.8,36832
-993.5028414,321.4204232,4.4,36832
-999.4717994,276.4882949,3.5,36833
-1027.598409,335.1002544,3.4,36834
-1025.13777,366.2413335,4.8,36835
-1025.672059,361.4589535,4.1,36835
-1035.004646,343.4416148,3.2,36835
-323.1353701,480.1287083,3.5,36836
-1019.13649,329.5393474,4.4,36836
-1024.854372,355.6756102,3.2,36836
-302.3273212,225.8840414,4.1,36837
-309.3840154,225.550387,3.8,36837
-987.6110428,315.5258618,4.8,36838
-1018.750389,351.3381028,4,36839
-1033.200097,339.1041074,3.7,36840
-381.5483584,-137.3544023,4.5,36841
-284.9779602,238.7853456,3.6,36841
-288.6122568,238.0068186,4.9,36842
-299.4411645,247.0154879,4,36842
-996.1691554,182.508967,3.7,36842
-1045.068523,357.2326641,3.8,36844
-953.4894482,268.8142432,3.7,36847
-1006.800821,347.6679042,4.3,36849
-420.6951871,-133.6842037,3.6,36852
-1026.558475,341.995779,3.8,36854
-1000.446348,323.4223497,4.7,36857
-988.4816991,181.1743493,4.9,36865
-997.3412414,181.0631311,3.7,36865
-1028.504948,350.0034851,3.6,36868
-1003.967122,328.2047297,3.5,36869
-1039.204298,338.6592348,3.4,36869
-1034.188587,342.5518697,4.4,36874
-1034.576685,346.4445046,4.9,36874
-1031.322039,344.4425781,3.9,36874
-1028.654676,344.5537962,3.5,36874
-1026.185245,351.1156665,3.6,36874
-982.5597265,362.1262623,5.2,36875
-982.3278573,357.4551004,4.3,36875
-977.508605,365.7964609,4.8,36875
-981.3709171,359.5682451,4.5,36876
-908.3006182,499.814319,3.6,36876
-1039.775056,356.342919,3.4,36877
-1014.637843,322.866259,3.5,36879
-1015.428084,347.4454679,4.1,36881
-815.1979138,188.4035284,3.7,36884
-1028.008455,347.8903404,3.7,36885
-1038.692234,340.7723795,3.3,36885
-989.2172989,352.8951567,3.7,36885
-1033.533145,329.5393474,3.2,36886
-997.212737,333.8768548,3.7,36887
-987.5207626,284.9408735,3.5,36889
-1040.348011,344.7762325,4.6,36890
-797.9500169,198.9692516,3.8,36890
-1034.351271,343.552833,4,36896
-1033.307702,358.5672818,3.2,36900
-996.4830527,302.0684669,3.3,36901
-734.4557028,118.8921912,3.9,36907
-1034.261051,398.4945939,3.8,36908
-1028.377007,513.2717139,3.2,36908
-1035.736624,361.3477353,3.2,36909
-1013.08296,327.8710753,3.4,36913
-1054.787146,344.9986688,4,36913
-985.262614,308.1854646,3.8,36918
-1017.768005,333.6544186,4.1,36918
-1031.521033,354.1185562,4.3,36919
-765.7411357,487.6915418,3.2,36919
-1041.961918,321.4204232,3.4,36921
-1032.252445,351.6717572,3.3,36924
-1047.768084,383.1464907,3.5,36924
-731.6415428,129.12426,4.4,36925
-1014.114218,368.4656962,3.5,36926
-1040.759176,391.8215055,3.6,36938
-769.0665337,183.2874939,5,36942
-776.7420942,136.6870935,3.5,36958
-1043.607513,348.335213,3.8,36967
-916.8746807,376.5846204,3.8,36973
-985.6109209,361.7926079,4.1,36973
-1053.38204,359.6794632,3.3,36978
-1001.794565,461.6664972,3.4,36980
-959.8725843,383.2577088,4.6,36985
-665.7493739,142.692873,4.2,36995
-611.8527929,15.79297581,4,36997
-624.7009304,11.56668651,3.5,36997
-622.6826839,8.897451162,3.5,36997
-957.5470814,368.0208237,3.8,37005
-373.6439188,364.1281888,4.6,37010
-1039.980839,347.2230316,3.6,37011
-424.4726235,-179.3948591,4.5,37013
-1012.010072,415.9558418,3.9,37014
-387.8380797,369.8003139,4,37021
-363.7530779,503.2620813,3.7,37034
-1032.60491,475.6799827,3.6,37038
-1049.475716,377.80802,4.1,37048
-1044.753639,353.5624655,3.7,37049
-568.3641775,441.7584502,5.5,37050
-737.7272239,136.6870935,3.6,37052
-1039.158853,361.7926079,4.2,37064
-384.1717467,-193.5195628,4.7,37065
-837.9631995,192.073727,4,37067
-996.3811091,529.8432167,3.9,37069
-399.2603887,-196.9673251,3.9,37073
-1040.330415,357.899973,3.2,37077
-793.7457318,463.7796418,3.3,37077
-393.1007921,351.3381028,4.4,37082
-1009.69223,325.3130581,4.2,37093
-970.6635889,374.3602576,3.9,37095
-381.4958326,-183.0650577,4.1,37096
-430.5993538,-180.7294767,4.2,37096
-990.2669313,321.6428595,3.9,37096
-367.4613072,331.2076195,3.6,37099
-1043.267729,351.3381028,3.4,37104
-973.4636323,224.8830781,3.7,37105
-972.5444943,308.519119,3.9,37107
-1081.133031,412.9529521,3.7,37108
-768.6308256,507.1547162,4.5,37109
-371.0115848,-186.8464744,3.8,37112
-569.0749454,467.4498404,4.1,37125
-997.2902118,348.4464311,4.1,37129
-995.1532384,300.7338493,3.7,37138
-1034.854475,342.3294335,3.8,37139
-731.2326937,36.03467721,3.8,37140
-708.6044504,0.778526977,4,37140
-759.495254,313.1902809,3.3,37147
-808.2629989,186.7352563,3.5,37156
-1026.797139,359.5682451,3.7,37170
-930.6590862,488.3588506,4.6,37179
-1003.617689,196.9673251,3.6,37181
-991.9944924,400.4965204,3.8,37184
-418.4735209,-21.13144651,3.9,37190
-557.5784963,66.50844744,4.7,37195
-1008.006198,153.3698144,3.5,37201
-640.7740697,-14.12470372,4.1,37213
-1151.054173,104.433833,4,37214
-282.0520694,447.5417934,3.8,37215
-310.5589576,206.3096488,4.4,37222
-1029.746506,364.2394069,3.9,37224
-279.4036476,171.8320256,3.8,37225
-1033.145189,360.0131176,4,37229
-599.3756393,-54.27445209,3.9,37247
-752.5956993,370.690059,3.9,37253
-558.0497959,486.1344879,4.4,37262
-975.1733083,279.6024028,3.8,37270
-292.1190115,512.3819688,3.9,37274
-281.1006879,275.9322042,4.1,37288
-259.6044412,292.9485795,4.5,37288
-270.7442711,289.7232535,4.1,37290
-322.2810911,393.1561232,4.8,37297
-1106.415446,283.8286921,4.3,37301
-644.3996154,-9.787196278,3.6,37315
-994.3458841,305.7386656,4.6,37320
-807.4436559,186.51282,3.6,37326
-723.196,68.06550139,4.3,37326
-584.6903318,167.7169544,3.8,37329
-373.2016706,-98.65048976,3.9,37332
-930.2447176,311.5220088,3.5,37334
-956.3861484,409.3939716,3.6,37336
-916.8329081,452.9914823,3.7,37339
-1036.810145,371.2461497,3.5,37351
-345.4342818,341.6621246,4,37354
-1029.931322,369.9115321,4.4,37363
-597.6206973,-68.84402837,5.1,37364
-1035.029848,353.0063748,3.4,37366
-578.3583774,424.4084204,3.4,37371
-910.9075548,286.3867093,3.4,37374
-856.694014,444.3164674,4.2,37378
-1148.087812,-146.3630716,3.8,37379
-608.7944039,-58.94561395,3.8,37380
-255.0102988,332.9871097,4.4,37382
-412.7225613,-17.46124791,4.5,37382
-1031.73996,363.5720981,4.6,37385
-257.3447539,288.0549814,4,37386
-1005.298158,231.6673846,4,37402
-935.5442836,418.4026409,3.8,37408
-764.20747,131.7934953,4.6,37438
-925.9213301,335.5451269,4.2,37440
-1023.950725,204.3077223,3.8,37453
-557.8601641,431.5263814,3.8,37456
-639.1401483,461.4440609,4.2,37458
-703.1550402,423.0738027,5.2,37460
-1012.093032,436.9760702,4.9,37477
-639.8144369,388.1513069,5.1,37506
-644.8971969,380.6996916,4.3,37506
-1032.027182,348.7800855,4.1,37507
-1022.472107,335.8787814,3.8,37513
-712.7709076,413.9539153,4,37521
-796.9821534,198.3019428,3.6,37529
-995.0409541,340.4387251,3.7,37532
-737.1920449,14.79201256,3.4,37533
-998.9691599,320.0858055,3.9,37535
-828.6967996,455.2158451,3.6,37538
-945.8482328,304.4040479,3.6,37550
-1024.354904,267.2571893,3.4,37560
-1025.026512,358.2336274,3.7,37563
-941.8992195,334.3217274,3.2,37564
-666.5173997,380.5884734,3.5,37565
-777.2946513,529.9544348,4,37569
-921.8858246,257.8036474,3.6,37577
-884.4171002,245.3472158,4.3,37582
-877.7679858,250.2408139,3.8,37586
-872.1336236,431.7488176,4.3,37587
-861.7455827,440.7574869,4.4,37587
-875.7345845,252.2427404,4.2,37591
-1087.874345,380.1436009,3.8,37593
-736.9710629,201.3048325,3.8,37594
-999.2279342,318.5287516,3.4,37595
-1026.138447,345.7771958,4.6,37595
-975.8989252,292.1700525,4.1,37597
-762.4364208,164.3804102,3.7,37597
-848.357253,426.1879107,4.2,37602
-892.519744,252.687613,3.5,37602
-286.6564252,-193.5195628,4.7,37603
-274.6553898,443.7603767,7.2,37606
-280.8512859,445.4286488,5.3,37606
-280.0225243,440.0901781,5,37606
-263.0784149,424.7420748,5.2,37606
-315.8243294,418.9587316,5,37606
-290.1201191,407.8369176,4.8,37606
-281.0423696,447.986666,4,37606
-275.3089628,425.4093837,4.6,37606
-277.6547653,446.3183939,5.6,37606
-269.2221639,407.3920451,3.5,37606
-264.1379865,425.7430381,3.8,37606
-266.9855541,445.8735214,3.8,37606
-279.40833,433.639526,3.8,37606
-284.3281006,421.4055307,3.6,37606
-263.7496754,435.8638888,5.1,37606
-281.045872,447.8754479,4.3,37606
-278.9987725,455.4382813,4.8,37606
-268.4593957,435.9751069,4.9,37607
-262.0824414,437.0872883,4,37607
-283.3452093,443.8715948,5.3,37607
-277.7060098,424.1859841,4.6,37607
-288.0502491,407.1696088,4.3,37607
-293.9209201,433.4170897,4.3,37607
-317.0875761,401.0526111,4.7,37607
-288.1150088,402.2760107,4,37607
-289.4654073,402.7208832,3.9,37607
-273.635436,444.5389037,4.7,37607
-291.6869706,415.6221874,4,37607
-302.7712798,431.7488176,3.6,37607
-260.2214902,438.7555604,4.6,37607
-260.8382058,420.6270037,4.1,37607
-275.9671733,418.7362953,4,37607
-277.2625252,423.8523297,3.9,37607
-275.4587643,435.3077981,4.3,37607
-252.8914651,460.776752,3.9,37607
-286.5586939,422.6289302,3.5,37607
-291.8420557,449.8773744,3.4,37607
-272.0635293,451.5456465,3.4,37607
-263.8660846,456.4392446,5,37607
-275.9162963,473.1219655,3.6,37607
-255.7388951,462.333806,4.7,37607
-258.1367736,463.7796418,3.7,37607
-250.7710892,465.4479139,5.2,37607
-270.1196905,452.9914823,3.9,37607
-259.6936826,478.4604362,3.7,37607
-277.3493441,412.1744251,3.7,37607
-268.3180811,434.6404893,4,37607
-264.7239077,442.7594134,3.9,37607
-284.8533405,413.3978246,4.6,37607
-287.0160871,422.5177121,5.2,37607
-250.3897141,450.0998107,4,37607
-265.8195521,460.6655339,3.5,37607
-255.3427436,435.0853618,3.4,37607
-286.2909524,453.6587911,3.6,37607
-279.1951993,431.7488176,3.3,37607
-279.9012096,492.58514,3.4,37607
-269.2777322,459.8870069,3.5,37607
-254.9081268,469.2293307,4.7,37607
-310.3414419,409.3939716,4.1,37607
-272.4183124,487.024233,3.4,37607
-264.6005186,459.10848,4.8,37607
-310.062935,388.2625251,5,37607
-268.7521646,500.8152823,3.7,37607
-292.7914873,415.1773148,3.7,37607
-277.8350408,431.7488176,3.3,37607
-277.9543525,433.7507441,3.9,37607
-282.5905557,450.5446832,3.2,37607
-272.0523721,425.0757293,3.7,37607
-252.4046897,493.5861032,3.8,37608
-289.2580666,426.1879107,4,37608
-263.3003385,490.5832134,3.5,37608
-266.9597519,506.4874074,3.4,37608
-257.7624462,464.2245144,3.8,37608
-267.3754234,501.7050274,3.6,37608
-283.1340595,418.9587316,4.6,37608
-270.5010547,455.3270632,3.7,37608
-262.8514713,410.7285893,3.4,37608
-265.1751304,454.9934088,4.2,37609
-282.4206146,435.8638888,3.8,37609
-264.2686622,458.1075167,3.5,37609
-249.7937969,455.2158451,3.4,37609
-303.6928148,415.1773148,4.4,37609
-273.4749364,508.0444613,3.4,37609
-275.9014081,450.3222469,3.9,37609
-285.949055,418.9587316,3.9,37609
-264.2447842,449.7661562,3.7,37609
-283.4659312,417.0680232,3.8,37609
-255.1571376,473.1219655,4.6,37609
-272.9833248,448.0978841,4.4,37609
-262.3881688,466.6713134,5.1,37609
-272.6459263,465.0030413,3.4,37609
-347.2618576,411.3958981,3.9,37609
-293.2303761,454.4373181,3.2,37610
-291.263318,442.6481953,3.5,37610
-272.269973,432.860999,4.6,37610
-258.2725179,455.994372,5.1,37610
-250.8416185,469.3405488,4.5,37610
-790.6298316,123.2296986,3.6,37610
-252.7061052,470.4527302,4.5,37610
-261.2961479,432.9722172,3.8,37610
-250.9203006,466.5600953,3.9,37610
-283.7613818,427.8561827,4.2,37610
-278.8857145,409.5051897,3.4,37610
-270.3210092,422.2952758,3.6,37610
-282.9731157,412.5080795,4.3,37611
-308.643012,419.1811679,3.6,37611
-285.9904263,420.5157855,4.2,37612
-253.1098415,472.1210023,3.5,37612
-251.5494149,466.6713134,5.2,37612
-276.0384805,454.6597544,3.6,37612
-303.9874102,427.9674009,3.4,37612
-273.3165073,422.2952758,3.6,37612
-1001.080629,443.8715948,4,37613
-269.7225187,411.9519888,3.6,37613
-293.1596039,428.9683641,3.5,37613
-265.0845598,467.116186,3.7,37614
-278.2419759,403.8330646,3.8,37615
-261.933446,414.1763516,3.9,37615
-290.6823777,432.6385627,3.4,37615
-310.7916135,420.070913,3.7,37616
-255.8035351,399.6067753,3.7,37616
-261.5857913,457.1065534,3.1,37616
-272.677791,413.3978246,3.1,37616
-255.1329122,455.1046269,3.4,37617
-285.1043041,416.9568051,3.8,37617
-295.7497311,405.2789004,3.6,37618
-266.3222918,468.0059311,3.8,37619
-283.6755649,410.3949348,3.9,37620
-309.8213888,413.9539153,3.5,37621
-264.7742925,471.4536934,3.3,37621
-284.0419615,456.1055902,3.6,37621
-281.6121231,429.8581093,3.7,37622
-797.9509507,193.2971265,3.5,37622
-248.5772386,511.0473511,3.5,37623
-1083.808074,496.588993,4,37624
-286.0744404,434.9741437,3.4,37625
-935.7783238,-1.112181395,3.3,37626
-290.2213673,413.1753883,3.8,37628
-249.9041503,470.5639483,3.4,37628
-290.0254651,402.2760107,3.5,37629
-290.7111184,389.3747065,3.3,37629
-324.7869615,409.6164079,3.4,37629
-281.6563721,416.8455869,3.4,37629
-264.5049447,385.1484172,3.3,37629
-292.6645572,416.2894962,3.3,37632
-957.1192514,301.1787218,3.4,37632
-289.4031499,435.7526707,3.6,37634
-274.3340708,406.7247362,3,37634
-282.2657458,406.0574274,4.1,37635
-304.389578,391.7102874,5,37635
-264.7852962,416.06706,3.6,37636
-259.4675844,414.6212241,3.6,37637
-302.6597211,402.6096651,4.5,37638
-292.9708,389.9307972,3.7,37640
-272.6051802,460.4430976,3.3,37642
-252.5385203,454.1036637,3.7,37642
-1054.468496,116.8902646,3.7,37643
-278.180201,385.037199,3.9,37643
-251.6094023,422.7401483,3.7,37644
-261.6016668,447.3193572,4.1,37645
-271.4391509,412.2856432,3.9,37647
-259.3972122,417.0680232,3.6,37649
-303.0328618,421.2943125,3.7,37651
-277.4783027,416.8455869,4,37651
-962.0162015,300.0665404,3.9,37652
-285.8476728,402.0535744,3.9,37653
-294.7230014,400.4965204,4.9,37653
-251.0077452,447.4305753,3.6,37656
-781.4885397,173.5002977,4.4,37657
-255.4422003,463.2235511,3.2,37657
-373.5149165,378.4753288,3.5,37658
-299.2280152,412.8417339,4.2,37659
-281.7759847,424.6308567,4.2,37659
-298.4826622,421.6279669,4.1,37659
-305.3812047,416.2894962,4.4,37660
-296.2028553,419.1811679,3.3,37661
-282.5412017,452.1017372,3.5,37663
-256.1137816,442.9818497,4.3,37663
-278.4182677,424.6308567,4,37663
-270.103365,450.5446832,3.9,37663
-273.1893005,414.510006,4.4,37663
-283.3058943,396.0477948,3.5,37664
-259.1336706,384.9259809,3.7,37664
-313.9710238,422.6289302,3.6,37667
-259.3789573,464.5581688,4.6,37667
-253.3716509,443.8715948,3.6,37667
-811.6220782,136.9095298,3.8,37667
-280.7286405,423.296239,4.1,37670
-275.4008757,422.4064939,4,37670
-793.0580388,215.5407544,3.4,37670
-294.0598459,418.0689865,4,37672
-268.1090564,447.6530116,3.3,37675
-788.3875043,120.7828995,3.5,37676
-540.9253896,478.7940906,3.6,37677
-272.0926217,417.7353321,3.3,37678
-334.3149765,429.635673,3.5,37681
-390.5875545,326.3140214,3.4,37682
-286.0824606,397.4936307,3.7,37685
-301.863214,401.9423562,3.4,37691
-758.4932841,163.4906651,4.3,37693
-260.3644218,477.1258186,3.5,37700
-310.3146457,420.7382218,3.2,37701
-288.4218223,452.1017372,3.6,37705
-263.3646422,515.3848586,3.4,37706
-313.342247,390.9317604,3.8,37712
-302.1324725,407.5032632,4.7,37713
-793.9990001,218.7660804,3.5,37713
-1109.303396,424.7420748,3.8,37713
-365.1848498,309.7425186,3.5,37715
-368.9736753,313.8575897,3.7,37716
-266.098592,417.7353321,4.4,37717
-293.100649,416.8455869,3.9,37717
-972.528824,336.7685265,3.7,37720
-646.7645812,504.0406083,3.7,37722
-263.9061007,464.2245144,3.6,37725
-299.2794595,424.9645111,3.4,37737
-279.1764244,449.7661562,3.5,37741
-781.6277436,418.2914227,4.1,37743
-272.7936812,477.7931274,3.5,37745
-256.5432396,427.9674009,3.7,37747
-279.3417054,412.3968614,3.9,37748
-304.1218164,394.2683046,4.4,37750
-417.7498798,-162.2672656,3.9,37752
-251.5955193,458.6636074,4,37752
-640.66149,-146.2518535,3.8,37755
-952.0440445,393.6009958,3.5,37755
-1031.516773,353.3400293,3.4,37756
-291.0669641,392.4888144,4,37757
-1027.689951,358.1224093,3.5,37757
-431.8419552,-158.2634125,4.2,37758
-398.6861437,-135.7973484,5,37774
-680.4815525,500.7040641,3.4,37778
-760.8790159,120.2268088,3.9,37784
-970.6947206,510.0463879,4.7,37792
-285.6991668,432.5273446,3.8,37793
-991.0923714,357.5663186,3.9,37793
-988.1847223,386.1493804,4.1,37797
-297.4535078,425.2981655,4,37806
-964.4848224,368.9105688,3.5,37807
-300.3472695,406.5023,3.8,37810
-272.8796827,418.7362953,3.4,37812
-666.5352867,432.1936902,3.5,37815
-992.9095023,335.5451269,3.4,37815
-666.0140005,17.23881163,4.5,37821
-1008.173785,328.3159479,3.4,37824
-716.0768323,523.0589102,3.5,37830
-297.8099524,414.510006,4.1,37830
-290.0484991,424.1859841,3.9,37832
-593.697266,421.6279669,3.6,37836
-905.1616291,408.949099,3.4,37841
-960.8025711,346.4445046,3.6,37851
-283.9223579,425.63182,4.1,37855
-284.0070602,420.070913,4,37855
-273.0132449,470.6751665,3.3,37856
-410.7931689,356.6765735,3.8,37863
-308.3035748,429.0795823,3.3,37871
-280.5228396,424.074766,5,37872
-294.9498677,410.2837167,4.7,37872
-289.5189362,434.9741437,3.5,37872
-283.9513162,418.9587316,4.9,37872
-1030.073824,352.339066,4.2,37878
-743.3593686,523.0589102,4,37880
-990.5162871,485.6896153,4.5,37882
-432.944744,50.60425348,3.6,37892
-448.4891987,38.25904,3.2,37892
-581.937002,34.14396883,4.2,37901
-1095.509766,486.4681423,4.8,37905
-727.7593587,520.7233292,4,37919
-744.1683487,114.3322474,3.9,37923
-998.4863549,320.3082418,4.1,37927
-1011.119452,322.3101683,4.6,37931
-975.0207472,300.6226311,5.5,37943
-278.3309603,424.5196386,4.9,37951
-582.6577137,511.8258781,4.6,37959
-665.6264279,513.8278046,4.6,37967
-1106.455408,422.0728395,4.1,37971
-1043.561389,352.7839386,4.5,37985
-1041.947143,363.7945344,4.6,37988
-810.8796656,188.8484009,4.9,38031
-624.2947367,530.1768711,5.1,38033
-259.9528954,149.3659614,4.1,38042
-776.9375693,159.1531577,3.8,38047
-1032.635135,390.3756697,4.3,38049
-1037.036026,375.6948753,4.4,38086
-729.0387826,135.2412577,4.6,38090
-1029.017582,378.0304562,5,38100
-258.0721281,453.547573,5.1,38113
-258.6244195,459.4421344,4.3,38113
-249.8436493,456.6616809,4.4,38113
-519.5523651,-69.06646464,5,38156
-447.9918369,-167.2720818,4.8,38168
-376.0467362,372.3583311,5,38190
-1044.634727,447.7642297,4.4,38218
-269.1864254,417.7353321,4.9,38222
-644.9639169,475.7912009,5.2,38232
-1047.029373,391.1541967,4,38255
-380.7567242,-195.299053,4.7,38268
-429.8556067,-159.1531577,4.6,38310
-272.4306662,-200.081433,4.3,38313
-807.6767575,310.5210455,4.7,38329
-794.5790364,19.6856107,4.5,38330
-907.8409235,422.9625846,5.2,38330
-291.1190807,333.209546,4.5,38333
-864.2415461,253.5773581,4.2,38339
-1041.253321,377.9192381,4.5,38367
-681.8449347,499.3694465,4.6,38370
-847.511481,407.1696088,4.6,38373
-430.4950128,-155.8166135,4.5,38378
-594.1938431,-136.7983116,4,38380
-634.1093579,-40.59462093,5,38405
-324.6051117,340.2162888,4.8,38409
-765.7897612,509.8239516,4.4,38410
-403.3331938,-10.45450512,4,38410
-351.1865168,349.3361762,4.2,38412
-332.3590886,333.4319823,4.2,38412
-763.0236993,193.8532172,4.5,38412
-340.5013256,341.3284702,4.5,38421
-346.1918897,340.9948158,4.5,38421
-392.7107066,-181.0631311,5.2,38430
-397.8938836,-183.0650577,4.7,38442
-377.4538321,-48.49110883,4.8,38443
-395.8233128,-184.5108935,5,38444
-470.8298531,-158.4858488,4.6,38448
-530.778957,291.8363981,4.1,38483
-302.0964271,394.9356134,4.4,38486
-991.5278026,496.7002111,4,38496
-844.792176,246.6818335,4.7,38511
-1072.413759,263.4757725,5.2,38540
-973.9673209,388.7073976,4,38559
-956.2635947,321.1979869,4.4,38568
-1014.857908,527.5076358,4.9,38662
-957.0373256,386.8166893,4.4,38699
-361.8992035,-200.4150874,5.3,38716
-1105.69947,526.2842362,5,38737
-716.2527453,172.0544618,4.2,38740
-390.4430379,-130.9037502,4.6,38746
-1059.771943,362.1262623,4.2,38776
-1141.801418,89.1969479,4.6,38780
-1028.672453,522.947692,4.6,38783
-1066.419355,511.4922237,4.3,38787
-494.107901,-98.98414418,4.9,38793
-819.0415855,406.2798637,4.5,38794
-265.4747521,429.635673,4.3,38806
-1023.714337,347.0005953,4.2,38815
-790.1386383,202.4170139,4.5,38831
-712.0419516,177.3929325,5.1,38857
-852.5573791,282.7165107,4.2,38889
-1048.494673,362.4599167,4.4,38902
-733.8404953,464.8918232,4.5,38911
-262.1535305,437.7545972,5,38915
-811.0296721,160.0429028,4.2,38917
-737.968113,448.8764111,4,38930
-1040.997132,426.0766925,4.5,38937
-308.8058629,505.4864441,4.1,38939
-645.5215341,475.5687646,4.6,38990
-889.7984347,236.2273283,4.2,38991
-592.8648238,-57.16612372,5.1,39027
-442.2782037,467.3386223,4.6,39038
-431.8683533,469.6742032,5,39038
-420.5943848,482.6867255,5,39038
-602.5977325,58.83439581,4.3,39054
-257.2505158,484.9110883,4.1,39061
-1003.098043,327.7598572,4.2,39078
-435.3362528,299.0655772,4,39092
-723.6512305,459.10848,4,39109
-1098.912848,266.7010986,4.2,39130
-1079.964589,264.4767358,4.6,39135
-431.0224882,481.463326,4.3,39142
-991.9318586,382.7016181,4.3,39159
-390.5777546,313.4127172,4.3,39163
-991.0848047,379.5875102,4.3,39165
-722.1686224,458.4411711,4.2,39180
-721.197934,449.2100655,4.1,39180
-1046.90947,-22.68850046,4.2,39186
-778.8850795,218.6548623,4.4,39195
-371.4073032,-175.6134423,4.6,39197
-837.4496253,248.1276693,4.1,39202
-612.2807691,478.6828725,4.6,39206
-628.9731014,468.4508037,4.3,39208
-989.118679,372.4695493,5.4,39213
-1007.439708,503.1508632,4.2,39252
-750.5710024,100.2075437,4.6,39263
-738.2596443,107.9928135,4.8,39263
-791.7672442,222.2138428,4.1,39264
-775.2278769,88.52963906,4.2,39264
-572.2359034,36.92442232,4.9,39269
-994.7196993,290.0569079,4.6,39272
-768.005851,88.30720278,4,39303
-580.0380203,-66.73088371,4.4,39319
-345.5273645,363.5720981,4.1,39323
-971.5348272,395.2692679,4.1,39336
-269.4546357,-200.85996,5,39362
-385.7267302,301.8460307,4,39375
-374.7272693,305.5162293,4.9,39390
-357.5691684,316.6380432,4.2,39390
-594.305524,-59.05683209,4.6,39395
-1062.893036,144.1387088,4.5,39447
-271.8505863,419.7372586,4.2,39457
-728.9292027,194.520526,4,39460
-1040.453255,350.3371395,4.4,39462
-815.588645,183.7323665,4.5,39473
-805.0620035,173.6115158,5.7,39474
-818.0740652,172.944207,4.2,39474
-814.8444859,166.9384274,4.6,39474
-822.0912428,162.8233563,4.2,39475
-807.8660973,180.2846042,4.3,39475
-816.4356443,180.2846042,4.3,39487
-817.3668736,178.0602414,4.7,39487
-819.1743496,176.5031874,4.7,39487
-739.5092396,130.3476595,4.9,39508
-766.9705694,156.4839223,4,39509
-657.5041628,523.8374372,4.2,39512
-1118.462493,407.9481358,4.6,39533
-589.4757187,140.6909465,5,39543
-592.1470933,138.2441474,4.1,39543
-576.7658726,150.1444884,4,39543
-748.0907904,98.2056172,4.4,39547
-796.2325805,196.4445998,5,39567
-794.7747185,199.8256313,5.2,39567
-787.0209618,217.6427772,4.3,39570
-795.9409504,203.9629461,4.1,39570
-802.7084598,191.1061291,4.8,39583
-780.3664156,-2.39119,4.4,39594
-803.0191777,195.4547584,4.2,39599
-846.2906887,191.5287581,4.5,39601
-319.7498645,383.546876,4.7,39607
-639.0761661,473.7336653,5.4,39646
-680.894417,421.4611397,4.5,39647
-672.8344793,427.1443867,5.4,39647
-667.6016361,423.0849246,4.2,39650
-797.8685745,178.4939921,4.5,39652
-294.6073797,165.3702517,4.1,39657
-904.4283874,525.6169274,4.3,39660
-331.0968149,481.8637113,4,39663
-791.7849971,25.13529953,4.4,39663
-671.3125425,427.600381,4,39668
-618.707736,337.7806115,4.2,39672
-670.2274419,427.066534,4.3,39673
-677.5962927,428.7236842,4,39681
-1002.940841,179.6840262,4.2,39691
-545.1898308,154.7934066,4.3,39693
-686.3217036,443.9939348,4,39696
-433.4990086,309.7313968,4.2,39740
-1040.388504,365.6963646,4.6,39745
-801.789985,-165.6705406,4.6,39770
-397.6751721,328.3159479,4.4,39785
-1012.334887,7.229179069,4.3,39797
-1025.1763,198.6022317,4,39803
-991.2089797,358.6896218,4.7,39804
-760.8819422,289.4007209,4.1,39827
-1036.854963,145.0395758,4,39827
-1118.735105,414.5544933,3.9,39841
-278.2762004,-137.4100114,4.5,39876
-829.1868683,199.302906,5,39882
-756.814161,92.48900483,4.2,39886
-399.8422376,-139.5676433,4,39902
-851.2469647,450.8227286,4.9,39902
-399.2285089,-130.9371157,4.1,39905
-864.0429662,441.8251811,4.5,39905
-855.9326209,451.9682754,4.4,39906
-949.5887708,526.6401343,4.8,39907
-756.7841794,180.8851821,4,39924
-1115.189822,267.3127983,4.1,39932
-758.7257006,92.18871585,4.9,39951
-437.1998636,-162.5564327,4.4,39954
-316.5291377,286.7759728,4.5,39970
-972.1947902,310.73236,4.7,39983
-1030.07422,490.6165789,4.7,39988
-491.1910374,314.4248022,4,40001
-486.3879975,321.2758396,4.5,40002
-567.4631088,510.0130224,4,40012
-968.739517,379.8544337,4.8,40014
-291.825212,353.7849018,4.1,40030
-669.6880239,429.1908004,4.4,40039
-787.8920884,159.909441,4.3,40040
-504.3590194,322.6215791,4.3,40043
-583.5585133,466.6713134,4,40052
-427.9264922,-92.47788301,4.1,40058
-865.7631578,447.2526263,4.2,40071
-971.9680437,379.2538558,4.2,40073
-781.5343276,526.5845252,4.1,40076
-391.3586293,-31.69716976,4.1,40127
-390.6109804,-17.24993344,4.2,40128
-761.1289088,325.680078,4.7,40129
-995.4188509,313.7018843,3.7,40138
-1026.496657,352.6727204,5.4,40140
-1018.079657,344.0644364,4.2,40141
-1025.329557,339.0373765,4,40141
-1022.281182,344.3202382,4.2,40141
-696.007657,461.1771373,4.5,40144
-694.0706024,461.677619,4.1,40152
-478.8439912,-127.6673024,4.9,40174
-317.2354144,210.6471563,4.5,40183
-989.7199887,297.7420813,4.3,40221
-271.3010612,-188.603721,4.3,40225
-989.5465007,328.2380952,5.3,40266
-303.014655,480.6625554,4.1,40272
-949.8912798,355.2418595,4.2,40273
-985.1365776,464.5359252,4.2,40277
-988.0109657,318.684457,4.5,40278
-512.5956677,-117.04597,4.4,40282
-1044.34693,262.074424,5.1,40288
-1041.074068,200.4262092,4.6,40288
-311.0649786,449.29904,4.1,40291
-399.5062133,-126.2103447,4.1,40300
-265.0985362,458.4745366,4.8,40300
-1023.525588,351.9164371,4.5,40309
-635.6157033,481.5634223,4.3,40326
-556.0306736,494.4091174,4.1,40332
-550.1796946,429.157435,4.6,40341
-543.8250448,426.3992251,4.9,40342
-397.4518849,-167.2720818,4.6,40355
-713.5480106,10.65469777,4.2,40364
-951.813604,32.75374209,3.1,40392
-964.9360704,370.4342573,5,40414
-547.668116,-14.12470372,4.1,40416
-1043.314188,387.25044,4.7,40446
-790.2083801,149.6440067,4.3,40483
-785.6430945,166.2043877,4.2,40488
-575.0479079,514.8065242,4.5,40500
-286.3854408,217.3202446,4.4,40511
-592.6935706,282.9389469,4.1,40525
-310.0429352,334.7109909,4.2,40566
-783.4349195,175.2686661,4.1,40593
-591.5738028,522.3916013,4.1,40596
-928.2737774,438.6443423,4.5,40621
-954.9259982,-16.97188809,4.5,40647
-713.8011519,-20.59759944,4.5,40662
-1087.85943,271.0719715,4.2,40663
-378.8116205,355.5532702,4.4,40673
-644.0451549,-2.824940744,4.6,40688
-646.7920286,-1.846221116,4.5,40688
-639.7530433,-31.95297149,4.1,40688
-1055.09086,353.8627545,4.5,40694
-1042.100777,360.0242395,4.7,40697
-989.6047411,464.246758,4.3,40698
-985.1545655,326.3251432,4.3,40722
-986.6962387,378.6755214,5.4,40723
-814.5821122,249.7848196,4.3,40726
-1091.52917,192.073727,4.5,40777
-372.6261738,-169.1627902,5.2,40784
-985.4224137,283.6841085,4.5,40800
-984.7230143,330.7405033,4.3,40810
-974.1452109,376.2843315,4.2,40816
-602.1940036,464.7806051,4.1,40823
-510.481061,-94.04605878,5.1,40851
-1096.757227,227.8526024,4.3,40894
-745.1964951,273.3185779,4.6,40922
-277.6499289,409.1937789,4.3,40948
-779.3127416,169.0960593,4.5,40953
-766.1173691,152.3243639,4.2,40954
-796.8649837,200.1815293,4.5,40963
-1057.009834,374.8941047,4.7,40979
-1011.742202,351.4270773,4.7,41003
-771.2213873,152.6357747,4.4,41042
-899.3990032,434.473662,4.6,41049
-1065.829715,230.5774469,4.6,41053
-911.0385093,301.7459343,4.6,41080
-764.1207776,223.6040695,4.6,41106
-666.8012508,50.1371373,4.1,41114
-511.0103443,-96.32603064,5.1,41154
-626.4601547,469.7631777,5.2,41154
-704.1128623,213.5833151,4.7,41157
-544.9238317,313.4460826,4.6,41158
-980.0050889,305.2048185,4.2,41173
-763.4592867,467.772373,4.4,41248
-783.3394595,170.2860934,4.5,41253
-1024.62224,219.86714,3.6,41279
-369.4991188,-9.831683534,4.1,41281
-389.3419022,-26.81469344,4,41288
-782.3340983,153.3809362,4.1,41305
-569.40261,26.82581525,4.5,41320
-533.0482609,-82.8241485,4.5,41336
-554.9126315,476.8255296,5,41336
-592.9889991,303.3585974,4.4,41337
-593.6866508,-71.04614753,4.4,41344
-762.8833703,117.9134715,4.5,41344
-644.5687655,25.00183776,3.2,41346
-554.2904566,479.8395412,4.6,41348
-908.167209,466.1708318,4.3,41367
-319.3567513,385.6600206,4.6,41381
-957.5620498,310.4209492,4.5,41381
-964.2873727,318.3396808,4.2,41381
-1093.903632,256.7248315,3.8,41390
-315.3058447,394.4573754,5.1,41395
-286.2787249,326.0915851,4.3,41412
-993.9883833,-27.84902214,3.9,41423
-767.7481062,237.6064333,4.4,41433
-981.3057037,-56.74349478,3.7,41445
-350.3701832,302.1685633,5,41449
-589.5517746,310.6211419,4.6,41481
-586.239441,304.0926371,4.9,41481
-579.3772422,316.8827231,4.5,41481
-604.3865226,281.5264766,4.1,41481
-371.3738479,-175.1908134,4.5,41494
-311.1920144,402.6319087,4.4,41494
-313.6017208,405.8127475,4.6,41531
-593.2442311,300.6337529,4.3,41550
-574.9565823,318.5843607,4.6,41554
-951.6842832,401.1971947,4.5,41580
-939.9786166,400.7189567,5.2,41580
-937.4595129,390.4757661,4,41580
-721.1970889,215.3961708,4.5,41592
-276.8995924,224.1824038,4.5,41663
-1064.827087,353.8182673,5.2,41707
-1118.987849,346.1330938,4.6,41711
-307.0354078,399.1174155,4.3,41739
-758.7163246,136.6426062,4.2,41749
-726.7807364,154.1038541,4.4,41754
-775.7945676,175.0128644,4.8,41795
-776.1302236,164.6473338,4.9,41796
-363.0934746,-201.1936144,4.5,41803
-997.7608639,175.4911024,5.4,41811
-998.373813,176.8813291,3.6,41811
-1012.576409,164.6806992,3.7,41812
-1013.182462,172.1768018,4.7,41813
-285.8057386,-163.9355377,4.4,41815
-1009.312571,156.5728968,3.6,41823
-1099.72816,277.555989,3.9,41825
-1025.388052,167.2498382,3.3,41830
-1019.185118,164.5583592,4.7,41835
-286.7421234,219.0552476,4,41838
-557.9768453,517.3867851,4.4,41839
-754.4773296,474.4009741,4.4,41853
-404.9682362,-159.4979339,4.3,41860
-581.7291546,530.6884746,4.5,41886
-435.0743852,355.3753212,4.5,41897
-621.2860899,479.6615921,4.1,41908
-905.7895439,463.6239364,4.6,41908
-892.8418,454.982287,5.6,41908
-895.583065,467.7056421,4.5,41908
-891.4326947,459.3865253,5,41908
-898.5901496,453.0470913,4.5,41908
-883.972328,464.1355399,4.2,41909
-890.1351739,449.8440089,4.3,41909
-913.2480261,390.9206386,5.1,41921
-839.2641808,467.0383333,4.5,41936
-434.9356491,-163.735345,4.7,41948
-901.6107404,456.71729,4.4,41957
-900.8098974,458.1964912,4.3,41958
-769.9807044,164.0689994,5,41966
-764.1010935,162.8900871,4.2,41968
-390.6170389,514.6174534,4.4,41978
-565.8727473,118.780973,4,41980
-782.0748853,133.128113,4.5,41996
-753.8761155,163.8354413,4.3,41998
-900.4302469,470.5750701,4.3,42021
-469.6262753,115.9004232,4.4,42058
-1003.481938,150.8340408,4.1,42073
-859.0283933,520.0004113,4.5,42087
-797.9708987,188.5147465,4.2,42091
-803.4664702,180.0955333,4.7,42091
-797.4386291,166.604773,4.6,42093
-1014.605123,173.0220597,4.1,42097
-1014.986732,171.4983711,4.5,42098
-1105.28233,198.1017501,4.5,42150
-1010.503525,175.2797879,4.3,42163
-602.2754686,467.5721804,4.1,42175
-893.9849287,287.3543071,4.4,42175
-578.6459112,305.7053001,5.3,42178
-583.8265564,279.8359609,3.8,42178
-930.2341383,353.8516327,4.6,42179
-582.7511096,296.0070783,4.9,42180
-803.9313437,192.2961632,4.6,42181
-487.1064426,297.0636507,5,42188
-494.8144657,289.0781882,4.7,42189
-369.5613418,94.73561125,4.4,42190
-821.7063413,398.249914,4.1,42191
-587.6159528,294.1497354,4.4,42214
-812.7742417,227.8081152,4.3,42220
-810.5388465,223.4261205,4.4,42222
